Id,Eigenvector_Centrality,Active_In_Kanda
Kalika,0.0008405896490520098,True
Vibhishana,0.0017493490593505872,True
Mayamayi,0.000354825376374045,True
Surpanakha,0.1118079604096403,True
Raghu,0.012651775587676864,True
Chitra,0.0017720891406669613,True
Kuru,0.0008271302171974072,True
Takshaka,0.00019717290494737045,True
Kalaka,2.483990866038328e-06,True
Pulastya,2.2706585162003206e-05,True
Tamra,1.2988798329218208e-05,True
Vali,0.0036909369763517075,True
Tilaka,0.0011078466099435315,True
Hayagriva,2.2059272052298223e-06,True
Pampa,0.02554250173968686,True
Sumitra,0.009056389297982987,True
Arjuna,0.0012764694071094726,True
Rudhirasana,0.00027094364154315334,True
Garuda,0.005169546818866349,True
Sarpasya,0.0030164507212680418,True
Lakshmana,0.45639630070673964,True
Rati,8.52930187908412e-82,True
Bharata,0.025995741084067926,True
Sesha,2.619671039255751e-05,True
Aruna,6.211630353285339e-05,True
Pushpaka,0.0018151883552767621,True
Akampana,0.010634744049340953,True
Urvasi,0.001285992903026874,True
Mahakapala,0.0018080411064635867,True
Gautama,0.0004466082580732528,True
Yagnasatru,0.003066355116313692,True
Parusha,0.0030653392147816727,True
Bhuti,8.52930187908412e-82,True
Vikritha,0.0012540997856482108,True
Vritra,0.0009141632155985754,True
Ananta,0.0014838304508877403,True
Marichi,2.27160093386834e-05,True
Suki,0.00042051028302094085,True
Satahrada,1.9561715697576505e-05,True
Sutikshna,0.0280411059913053,True
Shiva,0.006231312520172288,True
Janaka,0.028395307166175197,True
Brihaspati,0.0019538555920044507,True
Surasa,0.0025228363489768093,True
Indra,0.05566356471724214,True
Maricha,0.0797259794084069,True
Rama,0.6240118200958814,True
Kubera,0.014925578767880343,True
Trishira,0.028921547373907258,True
Kaikeyi,0.0170702387060905,True
Bhasi,2.4900310102237305e-06,True
Jambu,0.0007604047456120171,True
Mahamali,0.003014430985962128,True
Sampati,5.4753077676022484e-05,True
Malyavan,0.002334548996841214,True
Kausalya,0.005026478381636296,True
Krodhavasa,0.0012918720019401777,True
Budha,2.5047327804945828e-06,True
Vatapi,0.0003361972418407061,True
Vishrava,0.0007779516618454262,True
Dhava,0.0008279836389300367,True
Sthulaksha,0.0018001680492957404,True
Sarabhanga,0.02280489075590636,True
Ikshvaku,0.006127681454259716,True
Karnikara,0.0015868783753125032,True
Varuna,0.005141646935743102,True
Vasuki,0.00018730260065207753,True
Daksha,0.0012748406220394295,True
Sita,0.525062749338224,True
Sugriva,0.010306603369158653,True
Kartikeya,0.0017525702135311979,True
Ketu,0.0008490200536231873,True
Vasu,0.001756512292451193,True
Nandi,0.0008300521314932734,True
Tumburu,0.00036064471141328773,True
Chitraratha,0.00040250517363549107,True
Airavata,0.0008825322447535985,True
Pururava,0.0012859929030268743,True
Dhata,0.00026975495398013803,True
Ganga,0.001901104086984755,True
Kardama,0.0012539450907267735,True
Tataka,0.0002828101612950696,True
Dhritarashtri,1.1759715826668984e-06,True
Mathangi,0.0016844059191829575,True
Dharmavrata,0.0011279298294434453,True
Pulaha,2.5196800035044537e-05,True
Rahu,0.0020774423988361716,True
Danu,0.0024171280211913965,True
Kumbhakarna,0.0009069529160390651,True
Viradha,0.029542157746867543,True
Nata,0.0016569311049984203,True
Durjaya,0.003062392835042658,True
Krounchi,2.802494458377601e-06,True
Brahma,0.006873351440553735,True
Parvati,4.672512758873787e-06,True
Naraka,2.4839908660383278e-06,True
Khara,0.11725431306733487,True
Bhaga,0.00025155531550739537,True
Madhavi,0.0007615004798909787,True
Golangula,0.0004160231750649624,True
Pramathi,0.0022150644752498426,True
Nahusha,3.732197817973344e-05,True
Kasyapa,0.002511062731507101,True
Atri,2.5190819950120592e-05,True
Jaya,1.9561715697576505e-05,True
Arishta,0.0012491888034424847,True
Angiras,2.7681341276204763e-05,True
Diti,0.0008386627746149755,True
Vinata,0.0008433414618672195,True
Jatayu,0.07642849385230244,True
Pruthugriva,0.003067564616076899,True
Sachi,0.0035228964411041903,True
Agastya,0.02566185139404085,True
Vayu,0.001521705279782857,True
Narada,0.00045173503511173387,True
Subhadra,0.00040472142271136204,True
Sona,0.0017319379632083252,True
Kadru,0.0025214425022189323,True
Shatrughna,0.0014925733133079881,True
Aditi,0.0008370034265538636,True
Mrugi,0.0012832957600267246,True
Ilvala,8.736906704572377e-05,True
Sweta,0.0021012670519841227,True
Lakshmi,0.0019145046105090015,True
Dasharatha,0.06825802165236118,True
Dushana,0.02585180056023712,True
Pracheta,2.7681341276204763e-05,True
Kabandha,0.019466413368747472,True
Rohini,0.0037852136154160943,True
Arundhati,0.0014098506768259714,True
Mandakini,0.0016687533941885083,True
Yama,0.011072905692057397,True
Ravana,0.2679159614294667,True
Kratu,2.5190819950120592e-05,True
Manu,0.00042763732727277634,True
Sardooli,0.0016844059191829575,True
Agni,0.002218001377228374,True
Vishnu,0.007473928310914219,True
Bala,0.0005301421872345419,True
Anala,0.0004251391624005475,True
Nandana,0.0018202342430714059,True
Vihanga,0.003064380933186363,True
Vishwakarma,5.294944274722401e-05,True
Bhadramada,0.001690436250959742,True
Vasishta,4.549281405417796e-05,True
Meghamali,0.002993335550555645,True
Sabari,0.00478594204850975,True
Sudarshana,0.0022898215565567877,True
Vidhata,0.001521705279782857,True
Syeni,5.146602983165234e-05,True
Prasravana,0.005148091810894241,True
Dharma,0.006186746518227272,True
Iravati,0.0004218606541385168,True
Namuchi,0.0032549577516354836,True
Rambha,0.0004228397173072653,True
Chandra,0.0003545905777028587,True
Syenagami,0.003875738460968073,True
Sarayu,5.160485859908465e-05,True
Paka,0.00046488625865620303,True
Surya,0.0012492338152910942,True
Gayatri,0.0013310309869293871,True
Matanga,0.002925748361732915,True
Devi,0.003107139999397057,True
Surabhi,0.0021018359284700476,True
Viswamitra,0.002253072938966337,True
Kalakarmuka,0.0018338411332745241,True
Ayomukha,0.0006040081337648798,True
Karaveeraksha,0.0030615958363490988,True
Mrugamanda,0.001281907751345795,True
Yayati,0.0002461353240369012,True
Maya,0.0003548253763740451,True
