Source,Target,Weight
Kalika,Daksha,1
Kalika,Kasyapa,4
Kalika,Aditi,2
Kalika,Diti,2
Kalika,Danu,2
Kalika,Tamra,2
Kalika,Krodhavasa,1
Kalika,Anala,1
Kalika,Manu,1
Kalika,Rama,2
Kalika,Hayagriva,1
Kalika,Naraka,1
Kalika,Kalaka,1
Kalika,Krounchi,1
Kalika,Bhasi,1
Kalika,Syeni,1
Kalika,Dhritarashtri,1
Kalika,Suki,1
Vibhishana,Surpanakha,5
Vibhishana,Kumbhakarna,4
Vibhishana,Khara,1
Vibhishana,Rama,1
Vibhishana,Ravana,5
Mayamayi,Ravana,2
Mayamayi,Maya,1
Surpanakha,Chitra,1
Surpanakha,Rama,209
Surpanakha,Ravana,33
Surpanakha,Indra,4
Surpanakha,Vishrava,1
Surpanakha,Kumbhakarna,5
Surpanakha,Khara,71
Surpanakha,Dushana,7
Surpanakha,Sita,21
Surpanakha,Lakshmana,21
Surpanakha,Rohini,1
Surpanakha,Dasharatha,2
Surpanakha,Raghu,1
Surpanakha,Yama,1
Surpanakha,Trishira,6
Raghu,Rama,22
Raghu,Sita,4
Raghu,Dasharatha,1
Raghu,Lakshmana,6
Raghu,Vishnu,1
Raghu,Vali,1
Raghu,Namuchi,1
Raghu,Jatayu,4
Raghu,Pampa,2
Chitra,Rama,2
Chitra,Sita,2
Chitra,Ravana,1
Kuru,Rama,2
Kuru,Nandana,1
Takshaka,Vasuki,1
Takshaka,Ravana,1
Takshaka,Kubera,2
Kalaka,Danu,1
Kalaka,Hayagriva,1
Kalaka,Naraka,1
Kalaka,Tamra,1
Kalaka,Krounchi,1
Kalaka,Bhasi,1
Kalaka,Syeni,1
Kalaka,Dhritarashtri,1
Kalaka,Suki,1
Pulastya,Vikritha,3
Pulastya,Sesha,3
Pulastya,Shiva,3
Pulastya,Marichi,3
Pulastya,Atri,3
Pulastya,Kratu,3
Pulastya,Angiras,3
Pulastya,Pracheta,3
Pulastya,Pulaha,3
Pulastya,Daksha,3
Pulastya,Surya,3
Pulastya,Arishta,3
Tamra,Daksha,1
Tamra,Kasyapa,3
Tamra,Aditi,1
Tamra,Diti,1
Tamra,Danu,2
Tamra,Krodhavasa,1
Tamra,Anala,1
Tamra,Manu,1
Tamra,Hayagriva,1
Tamra,Naraka,1
Tamra,Krounchi,1
Tamra,Bhasi,1
Tamra,Syeni,1
Tamra,Dhritarashtri,1
Tamra,Suki,1
Vali,Rama,7
Vali,Namuchi,1
Vali,Vishnu,1
Vali,Sita,1
Vali,Lakshmana,1
Vali,Sugriva,7
Vali,Indra,1
Vali,Pampa,3
Tilaka,Sita,2
Tilaka,Rama,1
Hayagriva,Danu,1
Hayagriva,Naraka,1
Hayagriva,Krounchi,1
Hayagriva,Bhasi,1
Hayagriva,Syeni,1
Hayagriva,Dhritarashtri,1
Pampa,Mandakini,1
Pampa,Rama,45
Pampa,Sita,1
Pampa,Ravana,1
Pampa,Sugriva,6
Pampa,Lakshmana,21
Pampa,Matanga,2
Pampa,Kabandha,1
Pampa,Sabari,3
Sumitra,Lakshmana,5
Sumitra,Sita,6
Sumitra,Janaka,1
Sumitra,Rama,13
Sumitra,Dasharatha,1
Sumitra,Kaikeyi,2
Sumitra,Kausalya,2
Arjuna,Janaka,2
Arjuna,Rama,3
Rudhirasana,Syenagami,3
Rudhirasana,Pruthugriva,3
Rudhirasana,Yagnasatru,3
Rudhirasana,Vihanga,3
Rudhirasana,Durjaya,3
Rudhirasana,Karaveeraksha,3
Rudhirasana,Parusha,3
Rudhirasana,Kalakarmuka,2
Rudhirasana,Meghamali,2
Rudhirasana,Mahamali,2
Rudhirasana,Sarpasya,2
Rudhirasana,Khara,2
Rudhirasana,Dushana,2
Rudhirasana,Mahakapala,1
Rudhirasana,Sthulaksha,1
Rudhirasana,Pramathi,1
Rudhirasana,Trishira,1
Garuda,Rama,10
Garuda,Sita,1
Garuda,Sesha,1
Garuda,Vinata,1
Garuda,Aruna,3
Garuda,Sampati,1
Garuda,Khara,1
Garuda,Indra,1
Garuda,Subhadra,1
Garuda,Ravana,3
Garuda,Dasharatha,1
Sarpasya,Syenagami,6
Sarpasya,Pruthugriva,6
Sarpasya,Yagnasatru,6
Sarpasya,Vihanga,6
Sarpasya,Durjaya,6
Sarpasya,Karaveeraksha,5
Sarpasya,Parusha,5
Sarpasya,Kalakarmuka,5
Sarpasya,Meghamali,5
Sarpasya,Mahamali,5
Sarpasya,Khara,5
Sarpasya,Dushana,1
Sarpasya,Mahakapala,1
Sarpasya,Sthulaksha,1
Sarpasya,Pramathi,1
Sarpasya,Trishira,1
Sarpasya,Rama,6
Lakshmana,Rama,810
Lakshmana,Sita,314
Lakshmana,Viradha,25
Lakshmana,Janaka,9
Lakshmana,Kaikeyi,5
Lakshmana,Indra,18
Lakshmana,Bharata,12
Lakshmana,Sarabhanga,6
Lakshmana,Sachi,2
Lakshmana,Sutikshna,18
Lakshmana,Ikshvaku,3
Lakshmana,Dasharatha,19
Lakshmana,Dharmavrata,1
Lakshmana,Agastya,18
Lakshmana,Sudarshana,2
Lakshmana,Brahma,1
Lakshmana,Vishnu,2
Lakshmana,Agni,1
Lakshmana,Dharma,1
Lakshmana,Arundhati,1
Lakshmana,Jatayu,20
Lakshmana,Shatrughna,1
Lakshmana,Shiva,1
Lakshmana,Khara,6
Lakshmana,Trishira,1
Lakshmana,Dushana,1
Lakshmana,Akampana,2
Lakshmana,Ravana,23
Lakshmana,Maricha,30
Lakshmana,Kubera,1
Lakshmana,Vatapi,1
Lakshmana,Sona,3
Lakshmana,Prasravana,2
Lakshmana,Brihaspati,1
Lakshmana,Ayomukha,2
Lakshmana,Kabandha,25
Lakshmana,Danu,2
Lakshmana,Sugriva,7
Lakshmana,Sabari,2
Rati,Bhuti,1
Bharata,Viradha,2
Bharata,Rama,50
Bharata,Sarayu,3
Bharata,Kaikeyi,2
Bharata,Dasharatha,6
Bharata,Shatrughna,1
Bharata,Sita,4
Sesha,Kardama,3
Sesha,Vikritha,3
Sesha,Shiva,3
Sesha,Marichi,3
Sesha,Atri,3
Sesha,Kratu,3
Sesha,Angiras,3
Sesha,Pracheta,3
Sesha,Pulaha,3
Sesha,Daksha,3
Sesha,Suki,1
Sesha,Surasa,1
Sesha,Vinata,1
Sesha,Aruna,1
Aruna,Vinata,2
Aruna,Sampati,4
Aruna,Jatayu,1
Pushpaka,Ravana,8
Pushpaka,Kubera,5
Pushpaka,Sita,1
Akampana,Ravana,28
Akampana,Khara,5
Akampana,Dasharatha,1
Akampana,Rama,11
Akampana,Dushana,1
Akampana,Indra,2
Urvasi,Sita,2
Urvasi,Ravana,1
Urvasi,Pururava,1
Urvasi,Rama,1
Mahakapala,Karaveeraksha,1
Mahakapala,Parusha,1
Mahakapala,Kalakarmuka,1
Mahakapala,Meghamali,1
Mahakapala,Mahamali,1
Mahakapala,Khara,1
Mahakapala,Dushana,2
Mahakapala,Sthulaksha,3
Mahakapala,Pramathi,7
Mahakapala,Trishira,1
Mahakapala,Rama,4
Gautama,Sarabhanga,1
Gautama,Rama,1
Gautama,Sutikshna,1
Yagnasatru,Syenagami,5
Yagnasatru,Pruthugriva,5
Yagnasatru,Vihanga,5
Yagnasatru,Durjaya,5
Yagnasatru,Karaveeraksha,5
Yagnasatru,Parusha,5
Yagnasatru,Kalakarmuka,5
Yagnasatru,Meghamali,6
Yagnasatru,Mahamali,6
Yagnasatru,Khara,6
Yagnasatru,Dushana,1
Yagnasatru,Rama,6
Parusha,Syenagami,6
Parusha,Pruthugriva,5
Parusha,Vihanga,5
Parusha,Durjaya,5
Parusha,Karaveeraksha,5
Parusha,Kalakarmuka,5
Parusha,Meghamali,5
Parusha,Mahamali,5
Parusha,Khara,6
Parusha,Dushana,1
Parusha,Sthulaksha,1
Parusha,Rama,6
Vikritha,Rama,3
Vikritha,Kardama,3
Vikritha,Shiva,3
Vikritha,Marichi,3
Vikritha,Atri,3
Vikritha,Kratu,3
Vikritha,Angiras,3
Vikritha,Pracheta,3
Vritra,Rama,1
Vritra,Khara,1
Vritra,Bala,1
Vritra,Indra,2
Vritra,Namuchi,1
Vritra,Sita,1
Ananta,Agni,4
Ananta,Indra,4
Ananta,Bhaga,4
Ananta,Kubera,4
Ananta,Dhata,4
Ananta,Vidhata,4
Ananta,Vayu,4
Ananta,Gayatri,4
Ananta,Vasu,4
Ananta,Varuna,4
Ananta,Kartikeya,4
Ananta,Dharma,4
Ananta,Rama,3
Marichi,Kardama,3
Marichi,Shiva,3
Marichi,Atri,3
Marichi,Kratu,3
Marichi,Angiras,3
Marichi,Pracheta,3
Marichi,Pulaha,3
Marichi,Daksha,3
Marichi,Surya,3
Suki,Naraka,1
Suki,Krounchi,2
Suki,Bhasi,1
Suki,Syeni,1
Suki,Dhritarashtri,2
Suki,Nata,2
Suki,Vinata,2
Suki,Rama,1
Suki,Anala,1
Suki,Kasyapa,1
Suki,Surasa,1
Satahrada,Jaya,1
Satahrada,Viradha,1
Sutikshna,Sarabhanga,2
Sutikshna,Rama,48
Sutikshna,Sita,7
Sutikshna,Ganga,1
Sutikshna,Indra,5
Sutikshna,Narada,2
Sutikshna,Dharma,1
Sutikshna,Agastya,5
Sutikshna,Dasharatha,1
Sutikshna,Ilvala,1
Shiva,Kardama,3
Shiva,Atri,3
Shiva,Kratu,3
Shiva,Angiras,3
Shiva,Pracheta,3
Shiva,Pulaha,3
Shiva,Daksha,4
Shiva,Sita,1
Shiva,Rama,13
Shiva,Nandi,1
Shiva,Parvati,1
Shiva,Dushana,2
Shiva,Yama,2
Shiva,Khara,2
Janaka,Sita,34
Janaka,Rama,30
Janaka,Agastya,1
Janaka,Ravana,7
Janaka,Jatayu,4
Janaka,Yama,1
Brihaspati,Rama,4
Surasa,Rama,6
Surasa,Krodhavasa,3
Surasa,Mrugi,3
Surasa,Mrugamanda,3
Surasa,Vishnu,3
Surasa,Bhadramada,2
Surasa,Mathangi,2
Surasa,Sardooli,2
Surasa,Sweta,2
Surasa,Surabhi,2
Surasa,Kadru,3
Surasa,Rohini,1
Surasa,Manu,1
Surasa,Kasyapa,1
Surasa,Vinata,1
Indra,Rama,97
Indra,Viradha,4
Indra,Sarabhanga,12
Indra,Sachi,5
Indra,Sita,9
Indra,Brahma,6
Indra,Ikshvaku,1
Indra,Vishnu,7
Indra,Agni,4
Indra,Bhaga,4
Indra,Kubera,9
Indra,Dhata,4
Indra,Vidhata,4
Indra,Vayu,4
Indra,Dharma,3
Indra,Agastya,2
Indra,Khara,23
Indra,Airavata,1
Indra,Dushana,3
Indra,Namuchi,3
Indra,Trishira,1
Indra,Bala,1
Indra,Paka,1
Indra,Yama,4
Indra,Ravana,22
Indra,Chitraratha,1
Indra,Nandana,1
Indra,Subhadra,1
Indra,Varuna,5
Indra,Maricha,5
Indra,Dasharatha,1
Indra,Yayati,3
Indra,Nahusha,1
Indra,Kabandha,1
Indra,Danu,1
Indra,Sugriva,1
Maricha,Ravana,111
Maricha,Tataka,2
Maricha,Rama,77
Maricha,Sita,54
Maricha,Viswamitra,1
Maricha,Dasharatha,1
Maricha,Khara,2
Maricha,Varuna,1
Maricha,Yama,4
Maricha,Sachi,3
Rama,Brahma,12
Rama,Sita,815
Rama,Viradha,46
Rama,Kaikeyi,35
Rama,Dasharatha,128
Rama,Ikshvaku,10
Rama,Kausalya,11
Rama,Kubera,4
Rama,Rambha,1
Rama,Sarabhanga,47
Rama,Sachi,4
Rama,Mandakini,4
Rama,Ganga,2
Rama,Narada,1
Rama,Kasyapa,6
Rama,Devi,5
Rama,Dharmavrata,2
Rama,Dharma,12
Rama,Agastya,43
Rama,Sudarshana,4
Rama,Vishnu,13
Rama,Agni,4
Rama,Vidhata,3
Rama,Vayu,3
Rama,Gayatri,3
Rama,Vasu,4
Rama,Varuna,9
Rama,Kartikeya,4
Rama,Arundhati,1
Rama,Jatayu,63
Rama,Kardama,3
Rama,Surya,3
Rama,Arishta,3
Rama,Daksha,3
Rama,Aditi,2
Rama,Diti,2
Rama,Nata,4
Rama,Vinata,2
Rama,Krodhavasa,3
Rama,Mrugi,3
Rama,Mrugamanda,3
Rama,Bhadramada,4
Rama,Mathangi,4
Rama,Sardooli,4
Rama,Sweta,5
Rama,Surabhi,5
Rama,Kadru,6
Rama,Airavata,1
Rama,Iravati,1
Rama,Golangula,1
Rama,Rohini,6
Rama,Manu,1
Rama,Anala,1
Rama,Shatrughna,2
Rama,Nandi,2
Rama,Ravana,200
Rama,Khara,247
Rama,Yama,17
Rama,Dushana,46
Rama,Pramathi,5
Rama,Trishira,60
Rama,Sthulaksha,4
Rama,Syenagami,8
Rama,Pruthugriva,6
Rama,Vihanga,6
Rama,Durjaya,6
Rama,Karaveeraksha,6
Rama,Kalakarmuka,3
Rama,Meghamali,6
Rama,Mahamali,6
Rama,Rahu,4
Rama,Namuchi,6
Rama,Prasravana,7
Rama,Bala,1
Rama,Paka,1
Rama,Viswamitra,5
Rama,Ketu,1
Rama,Sona,2
Rama,Pururava,1
Rama,Malyavan,2
Rama,Jambu,1
Rama,Karnikara,3
Rama,Dhava,2
Rama,Madhavi,1
Rama,Kabandha,27
Rama,Danu,3
Rama,Sugriva,16
Rama,Matanga,7
Rama,Sabari,10
Rama,Nandana,3
Kubera,Tumburu,1
Kubera,Dasharatha,1
Kubera,Rambha,1
Kubera,Brahma,4
Kubera,Vishnu,5
Kubera,Agni,4
Kubera,Bhaga,4
Kubera,Dhata,4
Kubera,Vidhata,4
Kubera,Vayu,4
Kubera,Gayatri,4
Kubera,Vasu,4
Kubera,Varuna,4
Kubera,Yama,2
Kubera,Vasuki,1
Kubera,Ravana,55
Kubera,Chitraratha,1
Kubera,Nandana,1
Kubera,Subhadra,1
Kubera,Sita,7
Kubera,Jatayu,6
Kubera,Vishrava,2
Trishira,Mahamali,1
Trishira,Khara,36
Trishira,Dushana,12
Trishira,Sthulaksha,1
Trishira,Pramathi,1
Trishira,Ravana,2
Kaikeyi,Viradha,2
Kaikeyi,Dasharatha,7
Kaikeyi,Sita,2
Kaikeyi,Kausalya,3
Bhasi,Danu,1
Bhasi,Naraka,1
Bhasi,Krounchi,3
Bhasi,Syeni,1
Bhasi,Dhritarashtri,4
Jambu,Sita,1
Mahamali,Syenagami,6
Mahamali,Pruthugriva,6
Mahamali,Vihanga,6
Mahamali,Durjaya,5
Mahamali,Karaveeraksha,5
Mahamali,Kalakarmuka,5
Mahamali,Meghamali,5
Mahamali,Khara,5
Mahamali,Dushana,1
Mahamali,Sthulaksha,1
Mahamali,Pramathi,1
Sampati,Vinata,1
Sampati,Jatayu,1
Sampati,Syeni,1
Malyavan,Ravana,4
Malyavan,Sita,2
Malyavan,Prasravana,1
Malyavan,Jatayu,2
Kausalya,Sita,1
Kausalya,Tumburu,1
Kausalya,Dasharatha,2
Krodhavasa,Daksha,1
Krodhavasa,Kasyapa,3
Krodhavasa,Aditi,1
Krodhavasa,Diti,1
Krodhavasa,Danu,1
Krodhavasa,Anala,1
Krodhavasa,Manu,1
Krodhavasa,Nata,2
Krodhavasa,Vinata,1
Krodhavasa,Mrugi,2
Krodhavasa,Mrugamanda,2
Krodhavasa,Vishnu,2
Krodhavasa,Bhadramada,2
Krodhavasa,Mathangi,3
Krodhavasa,Sardooli,3
Krodhavasa,Sweta,3
Krodhavasa,Surabhi,3
Krodhavasa,Kadru,3
Budha,Rohini,1
Vatapi,Ilvala,4
Vatapi,Agastya,2
Vishrava,Ravana,3
Vishrava,Kumbhakarna,1
Vishrava,Jatayu,3
Dhava,Karnikara,1
Dhava,Madhavi,2
Sthulaksha,Kalakarmuka,1
Sthulaksha,Meghamali,1
Sthulaksha,Khara,1
Sthulaksha,Dushana,2
Sthulaksha,Pramathi,3
Sarabhanga,Sachi,3
Sarabhanga,Sita,3
Sarabhanga,Brahma,12
Sarabhanga,Paka,1
Ikshvaku,Sita,3
Ikshvaku,Kabandha,1
Karnikara,Sita,1
Varuna,Dhata,4
Varuna,Vidhata,4
Varuna,Vayu,4
Varuna,Gayatri,4
Varuna,Vasu,4
Varuna,Kartikeya,4
Varuna,Dharma,4
Varuna,Brahma,3
Varuna,Vishnu,3
Varuna,Agni,3
Varuna,Agastya,1
Varuna,Ravana,2
Varuna,Yama,1
Varuna,Sita,2
Vasuki,Ravana,1
Daksha,Atri,3
Daksha,Kratu,3
Daksha,Angiras,3
Daksha,Pracheta,3
Daksha,Pulaha,3
Daksha,Surya,3
Daksha,Arishta,3
Daksha,Kasyapa,6
Daksha,Aditi,1
Daksha,Diti,1
Daksha,Danu,1
Sita,Viradha,8
Sita,Dasharatha,22
Sita,Tumburu,1
Sita,Devi,3
Sita,Dharma,2
Sita,Agastya,6
Sita,Brahma,2
Sita,Arundhati,2
Sita,Jatayu,73
Sita,Shatrughna,1
Sita,Rohini,2
Sita,Ravana,464
Sita,Lakshmi,5
Sita,Khara,6
Sita,Dushana,1
Sita,Rahu,1
Sita,Sachi,1
Sita,Pururava,2
Sita,Prasravana,3
Sita,Yama,5
Sita,Ganga,1
Sita,Madhavi,1
Sita,Vishnu,1
Sita,Danu,1
Sita,Kabandha,2
Sita,Sugriva,2
Sugriva,Ravana,4
Sugriva,Kabandha,2
Kartikeya,Dhata,4
Kartikeya,Vidhata,4
Kartikeya,Vayu,4
Kartikeya,Gayatri,4
Kartikeya,Vasu,4
Kartikeya,Dharma,4
Kartikeya,Brahma,3
Kartikeya,Vishnu,3
Kartikeya,Agni,3
Kartikeya,Agastya,1
Ketu,Khara,1
Ketu,Rahu,1
Ketu,Ravana,2
Ketu,Rohini,1
Vasu,Bhaga,4
Vasu,Dhata,4
Vasu,Vidhata,4
Vasu,Vayu,4
Vasu,Gayatri,4
Vasu,Dharma,4
Vasu,Brahma,3
Nandi,Parvati,1
Chitraratha,Ravana,2
Chitraratha,Nandana,1
Airavata,Iravati,2
Airavata,Khara,1
Airavata,Ravana,2
Pururava,Ravana,1
Dhata,Brahma,4
Dhata,Vishnu,4
Dhata,Agni,4
Dhata,Bhaga,4
Dhata,Vidhata,4
Dhata,Vayu,4
Dhata,Gayatri,4
Ganga,Ravana,4
Kardama,Atri,3
Kardama,Kratu,3
Tataka,Ravana,1
Dhritarashtri,Naraka,1
Dhritarashtri,Krounchi,5
Dhritarashtri,Syeni,1
Mathangi,Mrugi,2
Mathangi,Mrugamanda,2
Mathangi,Vishnu,2
Mathangi,Bhadramada,2
Mathangi,Sardooli,2
Mathangi,Sweta,2
Mathangi,Surabhi,2
Mathangi,Kadru,2
Pulaha,Atri,3
Pulaha,Kratu,3
Pulaha,Angiras,3
Pulaha,Pracheta,3
Pulaha,Surya,3
Pulaha,Arishta,3
Pulaha,Kasyapa,3
Rahu,Khara,1
Danu,Kasyapa,3
Danu,Aditi,1
Danu,Diti,1
Danu,Anala,1
Danu,Manu,1
Danu,Naraka,1
Danu,Krounchi,1
Danu,Ravana,1
Danu,Sabari,1
Kumbhakarna,Ravana,3
Viradha,Jaya,1
Viradha,Brahma,1
Viradha,Yama,1
Nata,Vinata,2
Nata,Mrugi,1
Nata,Mrugamanda,1
Durjaya,Syenagami,5
Durjaya,Pruthugriva,5
Durjaya,Vihanga,5
Durjaya,Karaveeraksha,5
Durjaya,Kalakarmuka,5
Durjaya,Meghamali,5
Durjaya,Khara,6
Durjaya,Dushana,1
Krounchi,Naraka,1
Krounchi,Syeni,2
Brahma,Kasyapa,1
Brahma,Vishnu,5
Brahma,Agni,4
Brahma,Bhaga,4
Brahma,Vidhata,4
Brahma,Vayu,4
Brahma,Dharma,3
Brahma,Vishwakarma,2
Brahma,Agastya,2
Brahma,Ravana,2
Naraka,Syeni,1
Khara,Dushana,45
Khara,Yama,13
Khara,Dasharatha,3
Khara,Ravana,18
Khara,Syenagami,6
Khara,Pruthugriva,6
Khara,Vihanga,6
Khara,Karaveeraksha,6
Khara,Kalakarmuka,6
Khara,Meghamali,5
Khara,Pramathi,1
Khara,Namuchi,8
Khara,Agastya,1
Khara,Prasravana,1
Khara,Bala,1
Khara,Jatayu,1
Bhaga,Vishnu,4
Bhaga,Agni,4
Bhaga,Vidhata,4
Bhaga,Vayu,4
Bhaga,Gayatri,4
Golangula,Iravati,1
Golangula,Sweta,1
Golangula,Surabhi,1
Pramathi,Kalakarmuka,1
Pramathi,Meghamali,1
Pramathi,Dushana,2
Nahusha,Yayati,3
Kasyapa,Narada,1
Kasyapa,Angiras,3
Kasyapa,Pracheta,3
Kasyapa,Surya,3
Kasyapa,Arishta,3
Kasyapa,Aditi,3
Kasyapa,Diti,4
Kasyapa,Anala,4
Kasyapa,Manu,4
Kasyapa,Vinata,1
Atri,Kratu,3
Atri,Angiras,3
Atri,Pracheta,3
Atri,Surya,3
Atri,Arishta,3
Arishta,Kratu,3
Arishta,Angiras,3
Arishta,Pracheta,3
Arishta,Surya,3
Angiras,Kratu,3
Angiras,Pracheta,3
Angiras,Surya,3
Diti,Aditi,2
Diti,Anala,1
Diti,Manu,1
Vinata,Mrugi,1
Vinata,Mrugamanda,1
Vinata,Vishnu,1
Vinata,Anala,1
Jatayu,Dasharatha,11
Jatayu,Syeni,1
Jatayu,Ravana,103
Pruthugriva,Syenagami,5
Pruthugriva,Vihanga,5
Pruthugriva,Karaveeraksha,5
Pruthugriva,Kalakarmuka,6
Pruthugriva,Meghamali,6
Pruthugriva,Dushana,1
Sachi,Ravana,3
Agastya,Dasharatha,2
Agastya,Ilvala,4
Agastya,Sudarshana,2
Agastya,Dharma,2
Agastya,Vishwakarma,2
Agastya,Vishnu,1
Vayu,Vishnu,4
Vayu,Agni,4
Vayu,Vidhata,4
Vayu,Gayatri,4
Vayu,Dharma,4
Subhadra,Ravana,2
Kadru,Mrugi,3
Kadru,Mrugamanda,3
Kadru,Vishnu,3
Kadru,Bhadramada,3
Kadru,Sardooli,2
Kadru,Sweta,2
Kadru,Surabhi,2
Kadru,Rohini,1
Kadru,Manu,1
Aditi,Anala,1
Aditi,Manu,1
Mrugi,Mrugamanda,3
Mrugi,Vishnu,3
Mrugi,Bhadramada,2
Mrugi,Sardooli,2
Mrugi,Sweta,2
Mrugi,Surabhi,3
Sweta,Mrugamanda,2
Sweta,Vishnu,2
Sweta,Bhadramada,2
Sweta,Sardooli,2
Sweta,Surabhi,3
Sweta,Iravati,1
Sweta,Rohini,1
Lakshmi,Ravana,1
Dasharatha,Yayati,3
Dasharatha,Ravana,4
Dasharatha,Viswamitra,3
Dasharatha,Vasishta,1
Dushana,Ravana,10
Dushana,Vihanga,1
Dushana,Karaveeraksha,1
Dushana,Kalakarmuka,1
Dushana,Meghamali,1
Dushana,Yama,5
Dushana,Namuchi,2
Pracheta,Kratu,3
Pracheta,Surya,3
Rohini,Surabhi,1
Rohini,Ravana,3
Yama,Vishnu,2
Yama,Ravana,4
Ravana,Vishnu,4
Ravana,Nandana,3
Ravana,Chandra,2
Ravana,Prasravana,3
Ravana,Maya,2
Kratu,Surya,3
Manu,Anala,2
Sardooli,Mrugamanda,2
Sardooli,Vishnu,2
Sardooli,Bhadramada,2
Sardooli,Surabhi,2
Agni,Vishnu,4
Agni,Vidhata,4
Agni,Dharma,3
Vishnu,Vidhata,4
Vishnu,Dharma,3
Vishnu,Vishwakarma,2
Vishnu,Mrugamanda,3
Vishnu,Bhadramada,3
Vishnu,Surabhi,2
Vishnu,Iravati,1
Bala,Namuchi,1
Nandana,Matanga,1
Vihanga,Syenagami,5
Vihanga,Karaveeraksha,5
Vihanga,Kalakarmuka,5
Vihanga,Meghamali,5
Bhadramada,Mrugamanda,2
Bhadramada,Surabhi,2
Bhadramada,Iravati,1
Vasishta,Yayati,2
Meghamali,Syenagami,6
Meghamali,Karaveeraksha,5
Meghamali,Kalakarmuka,5
Vidhata,Gayatri,4
Vidhata,Dharma,4
Dharma,Gayatri,4
Syenagami,Karaveeraksha,5
Syenagami,Kalakarmuka,6
Surabhi,Mrugamanda,2
Kalakarmuka,Karaveeraksha,5
