Id,Eigenvector_Centrality,Active_In_Kanda
Punarvasu,0.0002961656619002905,True
Hema,2.8293615666843138e-05,True
Smriti,0.001798817194798264,True
Pundarika,0.0003165865457503427,True
Shukra,7.33100411540736e-05,True
Prashushruva,1.5441448657641895e-05,True
Raghu,0.02248929065222811,True
Chitra,0.002541237171867455,True
Sthanumati,0.0002972633152669224,True
Asita,0.000444660134753655,True
Visvachi,2.8293615666843138e-05,True
Veeramatsya,0.0003061477892131659,True
Vali,0.0003415559234598379,True
Aryama,1.8605453787156874e-05,True
Matali,0.00031152903461103095,True
Sumitra,0.03646883257339649,True
Ghritachi,2.8293615666843138e-05,True
Anaranya,1.898605843121218e-09,True
Garuda,0.0030121072944728064,True
Vishvavasu,1.395760860383465e-05,True
Satadru,0.0007418075033341402,True
Lakshmana,0.25764036806410984,True
Bharata,0.3201345149238507,True
Satrunjaya,0.00206135458896631,True
Susandhi,0.00029795297397768267,True
Sagara,0.0014658023461468937,True
Tamasa,0.003875236812453855,True
Dilipa,0.0021515187728087786,True
Kamadhenu,0.0005382419506161141,True
Silavaha,0.0007419280927664263,True
Anasuya,0.018068746200999512,True
Sudhanva,0.00036679390730856186,True
Gautama,3.6715508035073594e-05,True
Vritra,0.0006083121121394642,True
Dundhumara,3.078693051466699e-06,True
Sarvatirtha,0.0005928800057312115,True
Yuddhajit,0.0025144311271733844,True
Marichi,2.2325036718068287e-05,True
Valmiki,0.0012124140179822717,True
Bodhibhavana,0.00021871128075260477,True
Kutikoshtika,0.0003065402828383688,True
Nagadantha,2.8293615666843138e-05,True
Ekasala,0.00044527761073993394,True
Shiva,0.0032635063567358663,True
Maru,2.0281365369931217e-05,True
Janaka,0.01631088822194377,True
Brihaspati,0.008171054585592363,True
Markandeya,5.2617129522527463e-05,True
Indra,0.03321301299729398,True
Maricha,0.00029685903531657905,True
Rama,0.6401955726943889,True
Swayamvara,0.0002625585181624321,True
Renuka,7.524615332935079e-90,True
Kubera,0.006991292087657342,True
Parjanya,0.0029985480751551006,True
Sudama,1.925737287736613e-05,True
Kaikeyi,0.21906575631487737,True
Bharta,0.0004442484308585066,True
Prasenajit,0.00044624078339728116,True
Asamanja,0.001145869820254801,True
Jambu,0.0007653307846716052,True
Syandika,0.000723610582881797,True
Suvrata,0.000886463574938739,True
Yuvanashva,2.088192891164213e-07,True
Malyavan,0.0002961656619002905,True
Urmila,0.0008091781644836914,True
Kausalya,0.2107270984718036,True
Ambarisha,1.9065660295002416e-05,True
Ikshvaku,0.008401853227599022,True
Kutika,0.00044534597699105515,True
Torana,0.0008115920365785159,True
Varuna,0.003681569218621479,True
Sita,0.28381295355782016,True
Mandhata,0.0001502137461399653,True
Gopa,1.1275611553562189e-06,True
Kukshi,1.1666817363391383e-05,True
Kalindi,0.0011139857463882785,True
Timidhvaja,0.0020170593497253705,True
Pralamba,9.496795949564129e-06,True
Kartikeya,0.002090787325632792,True
Bharadwaja,0.030172760234487093,True
Kulinga,0.00044678261156422163,True
Jamadagni,1.064141305547733e-89,True
Janamejaya,3.0090707320822743e-06,True
Tumburu,1.1275611553562189e-06,True
Uttanika,0.0005932916712928757,True
Katyayana,3.6715508035073594e-05,True
Vamadeva,0.0006685365774052617,True
Chitraratha,0.0013281601774548445,True
Jayanta,4.8528622544782666e-05,True
Manthara,0.021725967769271635,True
Dhata,0.0007920804325207021,True
Ganga,0.02052131862064353,True
Sudharma,3.127970640074429e-05,True
Pragvata,0.0006119203958625814,True
Kovidara,0.0004442484308585066,True
Yamuna,0.004865810130226482,True
Dyumatsena,0.0010207952042488257,True
Vaijayanta,0.0009541726807978995,True
Rahu,0.0013098820353056376,True
Hima,4.364988449260937e-05,True
Satyavan,0.0010207952042488257,True
Kama,0.00010133695562721012,True
Maudgalya,5.2617129522527463e-05,True
Ashwapati,0.0016675083412678166,True
Bharunda,0.0003061477892131659,True
Kandu,0.000592331323800581,True
Prithu,1.377156354334999e-10,True
Brahma,0.006990130787166055,True
Khara,0.002963974572712003,True
Bhaga,1.8605453787156874e-05,True
Alambusa,0.0003447207639174907,True
Varutha,0.0005152521319188031,True
Satyopayachana,2.0668781931523984e-07,True
Nahusha,0.00277670181779792,True
Shankhana,0.0006687457898374982,True
Atri,0.0056619350459864775,True
Kasyapa,0.0014989513359916554,True
Bana,1.2632005817623439e-08,True
Vikukshi,3.908138866718316e-06,True
Kalapa,4.961907608794059e-07,True
Sumantra,0.11922315997991215,True
Angiras,0.0003179053931315098,True
Nalini,0.00013774698997708363,True
Dhriti,0.0017978433086858763,True
Vinata,0.001334763472500097,True
Sachi,0.001543180910164733,True
Kapivati,0.0005930866319646558,True
Agastya,0.0006863906926972093,True
Sambara,1.6737784419135047e-05,True
Vayu,1.4607617634047013e-06,True
Narada,0.0017919666300579948,True
Sona,0.0004153403872400433,True
Shatrughna,0.03822810443593542,True
Aditi,0.002592731889431816,True
Vijaya,4.8528622544782666e-05,True
Himavan,0.0006027341729115374,True
Saibya,0.00010818390090741826,True
Suvarchala,0.000592331323800581,True
Lakshmi,0.0015071902340825485,True
Dasharatha,0.4728297408237108,True
Anshudhana,1.0200378178655916e-05,True
Maitra,0.00015757517154188133,True
Rohini,0.0008632485052176585,True
Mandakini,0.006517416757346259,True
Yama,0.009614916000030043,True
Ravana,0.0010022055921436353,True
Trishanku,7.253455775966232e-08,True
Manu,0.0006469264796565821,True
Hladini,0.0001487869276072835,True
Parasurama,7.524615332935079e-90,True
Agni,0.0010505894530980925,True
Vishnu,0.013283732972356837,True
Misrakesi,0.0003447207639174907,True
Bhagiratha,0.001532833933430002,True
Garga,0.00012349326226761408,True
Shighraga,0.0006614706566651188,True
Nandana,0.0006446479849540235,True
Vishwakarma,0.00023184783968930732,True
Vasishta,0.034408192445802295,True
Kalmashapada,2.2352577181582895e-05,True
Aja,0.0019811412746595586,True
Tvashta,4.198007894545752e-05,True
Sudarshana,0.0006641866176073911,True
Prasravana,0.0002961656619002905,True
Maharaja,0.007218675627586061,True
Dharma,0.0033878742687004798,True
Ujjihana,0.000296165537916432,True
Dharmavardhana,0.0006732521961438393,True
Jabali,0.003637198295924532,True
Chandra,0.002107453957768712,True
Guha,0.031092491883865495,True
Sarayu,0.0033528345684879987,True
Trijata,0.009336519136288815,True
Eladhana,0.000297814511674609,True
Surya,0.0011820885194935883,True
Gayatri,0.000604620237343664,True
Bhrigu,0.00031790539313150977,True
Subahu,0.001190527580844725,True
Sandhya,0.0010076717110406243,True
Devi,0.021999593045288562,True
Surabhi,1.5363372710740453e-05,True
Malini,9.496795949564129e-06,True
Abhikala,3.078685919881468e-07,True
Agnivarna,0.0006640598473862994,True
Anshuman,5.497641920527567e-06,True
Viswamitra,0.004322672317976997,True
Siddhartha,0.0009921991341494615,True
Katha,0.00035752486454727596,True
Dhruvasandhi,0.0008902195426422272,True
Saraswati,0.0003059411969523174,True
Suyajna,0.01135145848724467,True
Yayati,0.004501142181741478,True
Nabhaga,0.0008979976793766907,True
Salyakarsna,0.0002985003296233334,True
