Source,Target,Weight
Punarvasu,Rama,1
Hema,Bharadwaja,2
Hema,Ghritachi,1
Hema,Visvachi,1
Hema,Misrakesi,1
Hema,Alambusa,1
Hema,Nagadantha,1
Hema,Hima,1
Smriti,Rama,6
Smriti,Dhriti,2
Smriti,Dharma,2
Smriti,Kartikeya,2
Smriti,Chandra,3
Smriti,Brihaspati,3
Smriti,Narada,1
Pundarika,Bharata,2
Pundarika,Alambusa,1
Pundarika,Misrakesi,1
Pundarika,Vishnu,1
Pundarika,Bharadwaja,1
Shukra,Sumantra,1
Shukra,Guha,1
Shukra,Brihaspati,1
Prashushruva,Agnivarna,12
Prashushruva,Shighraga,4
Prashushruva,Maru,16
Prashushruva,Ambarisha,12
Prashushruva,Nahusha,8
Raghu,Dasharatha,14
Raghu,Rama,48
Raghu,Kaikeyi,3
Raghu,Bharata,21
Raghu,Kausalya,5
Raghu,Sita,7
Raghu,Shiva,1
Raghu,Lakshmana,2
Raghu,Sumantra,1
Raghu,Yamuna,1
Raghu,Manthara,1
Raghu,Ashwapati,1
Raghu,Vasishta,1
Raghu,Bharadwaja,3
Raghu,Mandakini,2
Raghu,Shatrughna,1
Raghu,Bhagiratha,2
Raghu,Kalmashapada,2
Raghu,Himavan,1
Chitra,Rama,8
Chitra,Sumantra,3
Chitra,Kubera,2
Sthanumati,Kapivati,1
Sthanumati,Bharata,2
Sthanumati,Ekasala,1
Sthanumati,Vinata,1
Asita,Bharata,3
Asita,Dhruvasandhi,1
Visvachi,Bharadwaja,2
Visvachi,Ghritachi,1
Visvachi,Misrakesi,1
Visvachi,Alambusa,1
Visvachi,Nagadantha,1
Visvachi,Hima,1
Veeramatsya,Saraswati,1
Veeramatsya,Ganga,1
Veeramatsya,Bharata,2
Veeramatsya,Bharunda,1
Veeramatsya,Kulinga,1
Vali,Kaikeyi,1
Vali,Dasharatha,1
Vali,Indra,1
Vali,Vishnu,1
Aryama,Brahma,1
Aryama,Bhaga,1
Aryama,Indra,1
Matali,Rama,1
Matali,Indra,1
Sumitra,Rama,46
Sumitra,Sita,8
Sumitra,Lakshmana,44
Sumitra,Kausalya,54
Sumitra,Dasharatha,29
Sumitra,Shatrughna,5
Sumitra,Kaikeyi,17
Sumitra,Parjanya,1
Sumitra,Bharata,19
Sumitra,Sumantra,4
Sumitra,Guha,1
Sumitra,Devi,1
Sumitra,Bharadwaja,3
Sumitra,Vasishta,2
Ghritachi,Bharadwaja,2
Ghritachi,Misrakesi,1
Ghritachi,Alambusa,1
Ghritachi,Nagadantha,1
Ghritachi,Hima,1
Anaranya,Vikukshi,1
Anaranya,Bana,4
Anaranya,Prithu,4
Anaranya,Trishanku,2
Garuda,Rama,7
Garuda,Vinata,1
Garuda,Lakshmana,2
Garuda,Sita,2
Garuda,Dasharatha,2
Vishvavasu,Bharadwaja,1
Satadru,Sudama,2
Satadru,Hladini,2
Satadru,Bharata,5
Satadru,Eladhana,2
Satadru,Silavaha,2
Satadru,Salyakarsna,2
Lakshmana,Dasharatha,97
Lakshmana,Rama,630
Lakshmana,Sita,180
Lakshmana,Kausalya,78
Lakshmana,Shatrughna,26
Lakshmana,Bharata,78
Lakshmana,Kaikeyi,34
Lakshmana,Yama,3
Lakshmana,Janaka,6
Lakshmana,Varuna,3
Lakshmana,Vasishta,6
Lakshmana,Ikshvaku,1
Lakshmana,Suyajna,4
Lakshmana,Brahma,8
Lakshmana,Indra,5
Lakshmana,Agastya,2
Lakshmana,Viswamitra,4
Lakshmana,Chitraratha,1
Lakshmana,Katha,3
Lakshmana,Kubera,1
Lakshmana,Trijata,1
Lakshmana,Garga,1
Lakshmana,Sona,1
Lakshmana,Sumantra,28
Lakshmana,Tamasa,5
Lakshmana,Sandhya,1
Lakshmana,Guha,16
Lakshmana,Ganga,8
Lakshmana,Devi,3
Lakshmana,Yamuna,6
Lakshmana,Bharadwaja,7
Lakshmana,Kalindi,2
Lakshmana,Jambu,1
Lakshmana,Valmiki,3
Lakshmana,Manthara,6
Lakshmana,Mandakini,1
Lakshmana,Atri,2
Lakshmana,Urmila,1
Lakshmana,Anasuya,1
Bharata,Ashwapati,4
Bharata,Shatrughna,85
Bharata,Dasharatha,246
Bharata,Indra,12
Bharata,Varuna,1
Bharata,Rama,730
Bharata,Kausalya,102
Bharata,Kaikeyi,178
Bharata,Manthara,15
Bharata,Ikshvaku,7
Bharata,Sita,40
Bharata,Sumantra,34
Bharata,Devi,1
Bharata,Vasishta,43
Bharata,Yuddhajit,15
Bharata,Hladini,1
Bharata,Eladhana,2
Bharata,Silavaha,5
Bharata,Salyakarsna,2
Bharata,Saraswati,2
Bharata,Ganga,20
Bharata,Bharunda,2
Bharata,Kulinga,3
Bharata,Yamuna,3
Bharata,Pragvata,4
Bharata,Kutikoshtika,2
Bharata,Dharmavardhana,3
Bharata,Torana,4
Bharata,Varutha,2
Bharata,Ujjihana,2
Bharata,Sarvatirtha,4
Bharata,Uttanika,4
Bharata,Kutika,3
Bharata,Kapivati,4
Bharata,Ekasala,3
Bharata,Vinata,3
Bharata,Manu,2
Bharata,Vaijayanta,2
Bharata,Sarayu,1
Bharata,Yayati,2
Bharata,Lakshmi,2
Bharata,Dilipa,1
Bharata,Nahusha,1
Bharata,Bharta,1
Bharata,Guha,54
Bharata,Bharadwaja,111
Bharata,Maitra,1
Bharata,Vishwakarma,1
Bharata,Alambusa,2
Bharata,Misrakesi,2
Bharata,Vishnu,2
Bharata,Chitraratha,1
Bharata,Kubera,1
Bharata,Kovidara,1
Bharata,Mandakini,6
Bharata,Suyajna,1
Bharata,Sudhanva,1
Bharata,Brihaspati,1
Bharata,Brahma,1
Bharata,Jabali,2
Bharata,Susandhi,2
Bharata,Dhruvasandhi,6
Bharata,Prasenajit,3
Bharata,Mandhata,1
Bharata,Ravana,2
Bharata,Vamadeva,1
Satrunjaya,Sumantra,1
Satrunjaya,Rama,6
Satrunjaya,Suyajna,2
Satrunjaya,Dasharatha,1
Susandhi,Yuvanashva,1
Susandhi,Mandhata,2
Susandhi,Dhruvasandhi,3
Susandhi,Prasenajit,2
Sagara,Dasharatha,2
Sagara,Kaikeyi,1
Sagara,Asamanja,13
Sagara,Rama,3
Sagara,Sarayu,2
Sagara,Vishnu,2
Sagara,Bhagiratha,2
Sagara,Shiva,2
Sagara,Ganga,1
Sagara,Saibya,1
Sagara,Dilipa,1
Sagara,Janamejaya,1
Sagara,Nahusha,1
Sagara,Dundhumara,1
Sagara,Anshuman,1
Tamasa,Rama,10
Tamasa,Sumantra,1
Tamasa,Sita,2
Dilipa,Saibya,1
Dilipa,Janamejaya,1
Dilipa,Nahusha,2
Dilipa,Dundhumara,1
Dilipa,Rama,6
Dilipa,Dasharatha,1
Dilipa,Asamanja,3
Dilipa,Anshuman,2
Dilipa,Bhagiratha,4
Kamadhenu,Indra,16
Kamadhenu,Kausalya,3
Silavaha,Eladhana,2
Silavaha,Salyakarsna,4
Anasuya,Ganga,12
Anasuya,Rama,16
Anasuya,Sita,99
Anasuya,Atri,5
Anasuya,Devi,7
Anasuya,Surya,1
Anasuya,Rohini,1
Anasuya,Janaka,2
Sudhanva,Dasharatha,1
Gautama,Markandeya,2
Gautama,Maudgalya,2
Gautama,Kasyapa,2
Gautama,Katyayana,2
Gautama,Jabali,2
Gautama,Vasishta,2
Vritra,Indra,1
Vritra,Rama,2
Vritra,Vinata,1
Dundhumara,Saibya,1
Dundhumara,Janamejaya,1
Dundhumara,Nahusha,1
Dundhumara,Trishanku,2
Dundhumara,Yuvanashva,1
Dundhumara,Mandhata,1
Sarvatirtha,Uttanika,2
Yuddhajit,Kaikeyi,2
Yuddhajit,Shatrughna,2
Yuddhajit,Sumantra,1
Marichi,Brahma,5
Marichi,Kasyapa,4
Marichi,Surya,4
Marichi,Manu,4
Valmiki,Rama,2
Valmiki,Sita,2
Bodhibhavana,Abhikala,1
Bodhibhavana,Dasharatha,1
Kutikoshtika,Anshudhana,1
Kutikoshtika,Pragvata,2
Kutikoshtika,Ganga,1
Kutikoshtika,Dharmavardhana,1
Nagadantha,Bharadwaja,2
Nagadantha,Misrakesi,1
Nagadantha,Alambusa,1
Nagadantha,Hima,1
Ekasala,Kapivati,1
Ekasala,Vinata,1
Shiva,Rama,9
Shiva,Kubera,2
Shiva,Varuna,2
Shiva,Agni,2
Shiva,Indra,2
Shiva,Dasharatha,1
Shiva,Vishnu,3
Shiva,Brahma,1
Shiva,Kausalya,1
Shiva,Sita,1
Shiva,Bhagiratha,2
Shiva,Ganga,2
Shiva,Sumantra,1
Maru,Sudarshana,8
Maru,Agnivarna,16
Maru,Shighraga,8
Maru,Ambarisha,8
Maru,Nahusha,8
Janaka,Sita,58
Janaka,Rama,22
Janaka,Varuna,4
Janaka,Dasharatha,6
Janaka,Kausalya,1
Janaka,Indra,2
Janaka,Viswamitra,1
Brihaspati,Rama,25
Brihaspati,Sachi,1
Brihaspati,Indra,5
Brihaspati,Yama,2
Brihaspati,Dasharatha,2
Brihaspati,Vasishta,4
Brihaspati,Dhriti,3
Brihaspati,Dharma,2
Brihaspati,Kartikeya,2
Brihaspati,Chandra,2
Brihaspati,Narada,2
Brihaspati,Kubera,1
Brihaspati,Guha,1
Markandeya,Maudgalya,2
Markandeya,Kasyapa,2
Markandeya,Katyayana,2
Markandeya,Jabali,2
Markandeya,Vasishta,3
Indra,Dasharatha,35
Indra,Shatrughna,3
Indra,Varuna,5
Indra,Rama,70
Indra,Aditi,2
Indra,Sachi,6
Indra,Yama,3
Indra,Sumantra,7
Indra,Kasyapa,1
Indra,Vasishta,13
Indra,Timidhvaja,1
Indra,Sambara,1
Indra,Vishnu,1
Indra,Kubera,11
Indra,Agni,2
Indra,Brahma,4
Indra,Bhaga,1
Indra,Sita,10
Indra,Agastya,1
Indra,Viswamitra,1
Indra,Devi,2
Indra,Kausalya,3
Indra,Surabhi,1
Indra,Ganga,1
Indra,Sudharma,1
Indra,Bharadwaja,3
Indra,Hima,1
Indra,Chandra,1
Maricha,Rama,1
Maricha,Kasyapa,1
Rama,Dasharatha,1173
Rama,Brahma,13
Rama,Ravana,2
Rama,Vishnu,37
Rama,Kausalya,442
Rama,Aditi,7
Rama,Sachi,4
Rama,Yama,17
Rama,Kasyapa,3
Rama,Vasishta,66
Rama,Sumantra,295
Rama,Parjanya,9
Rama,Rahu,3
Rama,Sita,773
Rama,Nahusha,8
Rama,Yayati,10
Rama,Gayatri,2
Rama,Ikshvaku,14
Rama,Manthara,27
Rama,Kaikeyi,308
Rama,Shatrughna,48
Rama,Devi,50
Rama,Ganga,49
Rama,Kubera,19
Rama,Varuna,8
Rama,Agni,2
Rama,Rohini,2
Rama,Maharaja,7
Rama,Kandu,2
Rama,Dharma,9
Rama,Viswamitra,12
Rama,Dhriti,6
Rama,Kartikeya,7
Rama,Chandra,7
Rama,Narada,6
Rama,Vinata,3
Rama,Surya,3
Rama,Satyavan,3
Rama,Dyumatsena,3
Rama,Suvarchala,2
Rama,Suyajna,30
Rama,Agastya,1
Rama,Chitraratha,2
Rama,Trijata,31
Rama,Bhrigu,1
Rama,Angiras,1
Rama,Sarayu,3
Rama,Asamanja,2
Rama,Sona,1
Rama,Prasravana,1
Rama,Timidhvaja,6
Rama,Subahu,4
Rama,Sandhya,3
Rama,Syandika,2
Rama,Manu,1
Rama,Bhagiratha,5
Rama,Guha,63
Rama,Yamuna,9
Rama,Bharadwaja,34
Rama,Kalindi,2
Rama,Jambu,1
Rama,Lakshmi,2
Rama,Malyavan,1
Rama,Dhata,2
Rama,Mandakini,14
Rama,Kovidara,1
Rama,Nandana,2
Rama,Jabali,11
Rama,Himavan,2
Rama,Bharta,1
Rama,Khara,10
Rama,Atri,15
Rama,Urmila,1
Swayamvara,Sita,2
Renuka,Jamadagni,1
Kubera,Varuna,4
Kubera,Agni,2
Kubera,Dasharatha,2
Kubera,Sumantra,3
Kubera,Yama,3
Kubera,Sita,2
Kubera,Brahma,1
Kubera,Bharadwaja,2
Kubera,Chitraratha,1
Kubera,Nalini,2
Kubera,Nandana,1
Parjanya,Kausalya,1
Parjanya,Dasharatha,1
Sudama,Vishnu,3
Sudama,Hladini,2
Kaikeyi,Manthara,79
Kaikeyi,Dasharatha,393
Kaikeyi,Kausalya,62
Kaikeyi,Ashwapati,8
Kaikeyi,Yama,3
Kaikeyi,Rahu,2
Kaikeyi,Kama,1
Kaikeyi,Ikshvaku,3
Kaikeyi,Sita,21
Kaikeyi,Devi,5
Kaikeyi,Shatrughna,13
Kaikeyi,Saibya,1
Kaikeyi,Sumantra,21
Kaikeyi,Siddhartha,5
Kaikeyi,Asamanja,1
Kaikeyi,Vasishta,2
Kaikeyi,Bharadwaja,4
Kaikeyi,Suyajna,1
Prasenajit,Dhruvasandhi,4
Prasenajit,Mandhata,1
Asamanja,Dasharatha,2
Asamanja,Sarayu,1
Asamanja,Anshuman,4
Asamanja,Bhagiratha,2
Jambu,Sita,1
Jambu,Dasharatha,1
Syandika,Sita,1
Suvrata,Ambarisha,4
Suvrata,Nabhaga,8
Suvrata,Aja,8
Suvrata,Dasharatha,4
Suvrata,Shankhana,3
Yuvanashva,Trishanku,2
Yuvanashva,Mandhata,1
Urmila,Sita,3
Kausalya,Ravana,1
Kausalya,Vishnu,4
Kausalya,Aditi,5
Kausalya,Sita,30
Kausalya,Dasharatha,197
Kausalya,Shatrughna,12
Kausalya,Agni,2
Kausalya,Yama,9
Kausalya,Dharma,5
Kausalya,Kasyapa,1
Kausalya,Devi,7
Kausalya,Sarayu,1
Kausalya,Sumantra,12
Kausalya,Maharaja,1
Kausalya,Vasishta,2
Kausalya,Bharadwaja,2
Kausalya,Dhata,2
Kausalya,Mandakini,1
Ambarisha,Nahusha,8
Ambarisha,Nabhaga,8
Ambarisha,Aja,4
Ikshvaku,Dasharatha,11
Ikshvaku,Saibya,1
Ikshvaku,Vasishta,2
Ikshvaku,Sumantra,4
Ikshvaku,Sita,1
Ikshvaku,Manu,8
Ikshvaku,Surya,1
Ikshvaku,Brahma,1
Ikshvaku,Kukshi,3
Ikshvaku,Vikukshi,1
Kutika,Uttanika,2
Kutika,Kapivati,2
Torana,Dharmavardhana,1
Torana,Dasharatha,1
Torana,Varutha,1
Varuna,Dasharatha,3
Varuna,Shatrughna,1
Varuna,Agni,2
Varuna,Yama,2
Sita,Dasharatha,87
Sita,Vasishta,8
Sita,Yayati,1
Sita,Vishnu,7
Sita,Devi,10
Sita,Sumantra,20
Sita,Rohini,2
Sita,Shatrughna,3
Sita,Surya,2
Sita,Satyavan,1
Sita,Dyumatsena,1
Sita,Brahma,8
Sita,Suyajna,13
Sita,Agastya,1
Sita,Ganga,5
Sita,Guha,5
Sita,Yamuna,7
Sita,Bharadwaja,4
Sita,Kalindi,2
Sita,Lakshmi,3
Sita,Yama,1
Sita,Sachi,2
Sita,Nalini,1
Sita,Mandakini,8
Sita,Atri,7
Sita,Viswamitra,2
Mandhata,Trishanku,1
Mandhata,Dhruvasandhi,4
Gopa,Nandana,1
Gopa,Narada,1
Gopa,Tumburu,1
Kukshi,Vikukshi,4
Kukshi,Bana,1
Kalindi,Ganga,1
Kalindi,Yamuna,5
Timidhvaja,Vaijayanta,2
Timidhvaja,Dasharatha,1
Timidhvaja,Sambara,1
Timidhvaja,Viswamitra,2
Timidhvaja,Subahu,2
Pralamba,Malini,1
Pralamba,Ganga,1
Kartikeya,Dhriti,2
Kartikeya,Dharma,2
Kartikeya,Chandra,2
Kartikeya,Narada,2
Bharadwaja,Ganga,2
Bharadwaja,Yamuna,1
Bharadwaja,Dasharatha,6
Bharadwaja,Guha,1
Bharadwaja,Vasishta,12
Bharadwaja,Vishwakarma,6
Bharadwaja,Tvashta,3
Bharadwaja,Misrakesi,3
Bharadwaja,Alambusa,3
Bharadwaja,Hima,2
Bharadwaja,Vishnu,1
Bharadwaja,Chitraratha,2
Bharadwaja,Mandakini,2
Bharadwaja,Shatrughna,1
Kulinga,Satyopayachana,1
Kulinga,Abhikala,1
Kulinga,Bharunda,1
Kulinga,Yamuna,1
Jamadagni,Parasurama,1
Janamejaya,Saibya,1
Janamejaya,Nahusha,1
Tumburu,Nandana,1
Tumburu,Narada,1
Katyayana,Maudgalya,2
Katyayana,Kasyapa,2
Katyayana,Jabali,2
Katyayana,Vasishta,2
Vamadeva,Dasharatha,2
Vamadeva,Vasishta,4
Vamadeva,Shatrughna,1
Vamadeva,Jabali,1
Chitraratha,Dasharatha,2
Jayanta,Vasishta,3
Jayanta,Siddhartha,1
Jayanta,Vijaya,1
Jayanta,Nandana,1
Manthara,Dasharatha,11
Manthara,Shatrughna,21
Dhata,Aditi,4
Ganga,Yamuna,10
Ganga,Sarayu,1
Ganga,Trijata,3
Ganga,Vishnu,2
Ganga,Bhagiratha,1
Ganga,Sumantra,7
Ganga,Guha,11
Ganga,Dasharatha,3
Ganga,Devi,2
Ganga,Malini,1
Ganga,Saraswati,1
Ganga,Bharunda,1
Ganga,Anshudhana,1
Ganga,Pragvata,2
Ganga,Dharmavardhana,1
Ganga,Shatrughna,1
Ganga,Maitra,1
Sudharma,Vasishta,1
Pragvata,Anshudhana,2
Pragvata,Dharmavardhana,1
Dyumatsena,Surya,1
Dyumatsena,Satyavan,1
Vaijayanta,Dasharatha,3
Vaijayanta,Sambara,1
Rahu,Dasharatha,1
Hima,Misrakesi,1
Hima,Alambusa,1
Satyavan,Surya,1
Maudgalya,Kasyapa,2
Maudgalya,Jabali,2
Maudgalya,Vasishta,3
Ashwapati,Shatrughna,2
Ashwapati,Dasharatha,1
Bharunda,Saraswati,1
Prithu,Trishanku,4
Brahma,Dasharatha,4
Brahma,Ravana,1
Brahma,Bhaga,1
Brahma,Vishnu,2
Brahma,Devi,2
Brahma,Agastya,1
Brahma,Viswamitra,1
Brahma,Kasyapa,6
Brahma,Surya,4
Brahma,Manu,5
Khara,Ravana,5
Alambusa,Misrakesi,2
Alambusa,Vishnu,1
Varutha,Dasharatha,1
Nahusha,Yayati,2
Nahusha,Vasishta,2
Nahusha,Saibya,1
Nahusha,Dasharatha,1
Nahusha,Nabhaga,4
Shankhana,Kalmashapada,5
Shankhana,Sudarshana,5
Shankhana,Agnivarna,9
Shankhana,Shighraga,5
Shankhana,Aja,6
Shankhana,Dasharatha,3
Atri,Devi,2
Kasyapa,Dasharatha,2
Kasyapa,Dharma,1
Kasyapa,Jabali,2
Kasyapa,Vasishta,2
Kasyapa,Surya,4
Kasyapa,Manu,5
Bana,Vikukshi,4
Kalapa,Katha,3
Sumantra,Dasharatha,77
Sumantra,Vasishta,6
Sumantra,Guha,14
Sumantra,Devi,2
Sumantra,Shatrughna,6
Sumantra,Mandakini,3
Angiras,Trijata,5
Angiras,Bhrigu,1
Dhriti,Dharma,2
Dhriti,Chandra,2
Dhriti,Narada,1
Agastya,Viswamitra,1
Vayu,Agni,1
Vayu,Chandra,1
Narada,Chandra,2
Narada,Dharma,1
Narada,Nandana,1
Shatrughna,Dasharatha,21
Shatrughna,Maharaja,1
Shatrughna,Guha,5
Shatrughna,Vasishta,4
Shatrughna,Jabali,1
Vijaya,Vasishta,3
Vijaya,Siddhartha,1
Vijaya,Nandana,1
Lakshmi,Dasharatha,1
Lakshmi,Vishnu,1
Dasharatha,Yama,13
Dasharatha,Vasishta,25
Dasharatha,Vishnu,3
Dasharatha,Devi,18
Dasharatha,Yayati,5
Dasharatha,Agni,1
Dasharatha,Maharaja,23
Dasharatha,Dharma,1
Dasharatha,Siddhartha,2
Dasharatha,Sarayu,10
Dasharatha,Dharmavardhana,1
Dasharatha,Guha,4
Dasharatha,Nabhaga,4
Dasharatha,Aja,9
Dasharatha,Sudarshana,3
Dasharatha,Agnivarna,3
Dasharatha,Shighraga,3
Mandakini,Sarayu,1
Ravana,Vishnu,1
Manu,Surya,7
Agni,Chandra,1
Vishnu,Gayatri,2
Vishnu,Bhagiratha,2
Vishnu,Misrakesi,1
Bhagiratha,Anshuman,1
Garga,Trijata,1
Shighraga,Sudarshana,4
Shighraga,Agnivarna,8
Nandana,Vasishta,3
Nandana,Siddhartha,1
Vishwakarma,Tvashta,1
Vasishta,Yayati,1
Vasishta,Suyajna,2
Vasishta,Jabali,4
Vasishta,Siddhartha,3
Aja,Nabhaga,16
Aja,Sudarshana,3
Sudarshana,Agnivarna,8
Dharma,Chandra,2
Sarayu,Trijata,4
Trijata,Bhrigu,5
Eladhana,Salyakarsna,2
Subahu,Viswamitra,2
