Source,Target,Weight
Udgata,Agni,1
Udgata,Adhvaryu,3
Udgata,Mahishi,1
Udgata,Parivritti,1
Udgata,Vavaata,1
Udgata,Palakali,1
Udgata,Brahma,4
Udgata,Dasharatha,1
Surpanakha,Rama,6
Surpanakha,Ravana,2
Surpanakha,Khara,4
Surpanakha,Trishira,3
Surpanakha,Dushana,1
Surpanakha,Agastya,1
Surpanakha,Jatayu,3
Shukra,Manthara,1
Shukra,Virochana,1
Shukra,Rama,2
Shukra,Bhrigu,2
Shukra,Vishnu,2
Shukra,Indra,1
Lakshaksha,Satyavan,7
Lakshaksha,Satyakirti,7
Lakshaksha,Dhrishta,7
Lakshaksha,Rabhasa,7
Lakshaksha,Pratiharatara,7
Lakshaksha,Paranmukha,7
Lakshaksha,Avanmukha,7
Lakshaksha,Vishama,7
Lakshaksha,Drudhanabha,7
Lakshaksha,Sunabha,14
Lakshaksha,Dasaksha,7
Lakshaksha,Satavaktra,7
Lakshaksha,Ravana,7
Lakshaksha,Satodara,7
Lakshaksha,Vishnu,7
Lakshaksha,Mahanabha,7
Lakshaksha,Dundunabha,7
Gadhi,Viswamitra,13
Gadhi,Kusika,1
Gadhi,Rama,2
Gadhi,Brahma,3
Gadhi,Kusanabha,7
Gadhi,Raghu,3
Gadhi,Vasishta,5
Gadhi,Agni,1
Asita,Dhruvasandhi,2
Asita,Prasenajit,1
Asita,Bharata,1
Asita,Talajangha,3
Asita,Bhriguprasravana,1
Asita,Himavan,1
Hemachandra,Alambusa,1
Hemachandra,Vishala,4
Hemachandra,Rama,4
Hemachandra,Suchandra,3
Hemachandra,Dhumraswa,1
Hemachandra,Sanjaya,1
Ghritachi,Raghu,1
Ghritachi,Kusanabha,1
Anaranya,Bana,2
Anaranya,Prithu,1
Anaranya,Trishanku,2
Anaranya,Dundhumara,1
Mandavi,Kusadhwaja,2
Mandavi,Srutakirti,3
Mandavi,Shatrughna,4
Mandavi,Bharata,4
Mandavi,Janaka,2
Mandavi,Lakshmana,2
Mandavi,Rama,2
Mandavi,Sita,2
Mandavi,Urmila,2
Mali,Mahanabha,7
Mali,Dundunabha,7
Mali,Sunabha,7
Mali,Krusana,7
Mali,Nairasya,7
Mali,Vimala,7
Mali,Yogandhara,7
Mali,Haridradaitya,7
Mali,Prasamana,7
Mali,Sarchirmali,7
Mali,Dhri,7
Mali,Vrtimanta,7
Mali,Ruchira,7
Mali,Pitrusaumanasa,7
Mali,Makara,7
Mali,Kara,7
Mali,Dhana,7
Mali,Dhanya,7
Mali,Kama,7
Mali,Roopa,7
Mali,Kamaruchi,7
Mali,Moha,7
Chuli,Brahmadatta,1
Paranmukha,Satyavan,7
Paranmukha,Satyakirti,7
Paranmukha,Dhrishta,7
Paranmukha,Rabhasa,7
Paranmukha,Pratiharatara,7
Paranmukha,Avanmukha,7
Paranmukha,Vishama,7
Paranmukha,Drudhanabha,7
Paranmukha,Sunabha,7
Paranmukha,Dasaksha,7
Paranmukha,Satavaktra,7
Paranmukha,Ravana,7
Mahapadma,Airavata,2
Mahapadma,Indra,2
Mahapadma,Anjana,2
Mahapadma,Vishnu,2
Chyavana,Bhrigu,1
Chyavana,Himavan,1
Chyavana,Kalindi,3
Kusaswa,Dhumraswa,1
Kusaswa,Sahadeva,3
Kusaswa,Sanjaya,2
Kusaswa,Somadatta,4
Kusaswa,Rama,1
Kusaswa,Sona,1
Kusaswa,Sumati,1
Menaka,Pushkara,2
Menaka,Kusika,4
Menaka,Viswamitra,13
Menaka,Raghu,3
Menaka,Rama,1
Gautama,Ahalya,25
Gautama,Indra,22
Gautama,Himavan,1
Gautama,Viswamitra,5
Gautama,Sona,4
Gautama,Rama,23
Gautama,Lakshmana,2
Gautama,Vishala,1
Gautama,Satananda,4
Gautama,Kusika,7
Gautama,Renuka,1
Gautama,Jamadagni,1
Dundhumara,Prithu,1
Dundhumara,Trishanku,2
Dundhumara,Yuvanashva,1
Dundhumara,Mandhata,2
Dundhumara,Susandhi,1
Bhrigutunda,Ambarisha,5
Bhrigutunda,Richika,4
Bhrigutunda,Rama,1
Brihaspati,Indra,1
Brihaspati,Sugriva,1
Brihaspati,Tara,2
Brihaspati,Kausalya,3
Markandeya,Dasharatha,4
Markandeya,Vasishta,2
Markandeya,Vamadeva,2
Markandeya,Jabali,2
Markandeya,Kasyapa,2
Markandeya,Katyayana,2
Markandeya,Janaka,1
Renuka,Ahalya,1
Renuka,Jamadagni,1
Renuka,Viswamitra,1
Renuka,Satananda,1
Renuka,Rama,1
Kartavirya,Parasurama,3
Kartavirya,Jamadagni,2
Kartavirya,Rama,1
Balasura,Indra,2
Balasura,Diti,1
Kubera,Dasharatha,10
Kubera,Indra,4
Kubera,Tara,2
Kubera,Vishwakarma,1
Kubera,Nala,1
Kubera,Nila,1
Kubera,Viswamitra,2
Kubera,Ravana,5
Kubera,Chitraratha,1
Kubera,Rama,1
Dundubhi,Rama,6
Dundubhi,Sugriva,3
Moha,Dhri,7
Moha,Vrtimanta,7
Moha,Ruchira,7
Moha,Pitrusaumanasa,7
Moha,Makara,7
Moha,Kara,7
Moha,Dhana,7
Moha,Dhanya,7
Moha,Kama,7
Moha,Roopa,7
Moha,Kamaruchi,7
Moha,Avarana,7
Moha,Jrumbhaka,7
Moha,Sarvanabha,7
Moha,Santhana,7
Moha,Varuna,7
Moha,Rama,7
Kesini,Rama,1
Kesini,Sagara,2
Kesini,Arishta,1
Kesini,Sumati,2
Kesini,Asamanja,1
Ambarisha,Viswamitra,2
Ambarisha,Indra,2
Ambarisha,Rama,8
Ambarisha,Raghu,4
Ambarisha,Richika,12
Ambarisha,Sunahsepha,10
Ambarisha,Pushkara,5
Ambarisha,Agni,2
Ambarisha,Sona,1
Ambarisha,Kusa,1
Ambarisha,Shighraga,4
Ambarisha,Maru,5
Ambarisha,Prasusruka,3
Ambarisha,Sudarshana,1
Ambarisha,Samkhana,2
Ambarisha,Agnivarna,2
Ambarisha,Nahusha,4
Ambarisha,Yayati,2
Ambarisha,Nabhaga,2
Ambarisha,Aja,2
Ikshvaku,Rama,2
Ikshvaku,Sagara,2
Ikshvaku,Dasharatha,10
Ikshvaku,Kausalya,2
Ikshvaku,Aditi,1
Ikshvaku,Trishanku,2
Ikshvaku,Viswamitra,1
Ikshvaku,Manu,1
Ikshvaku,Brahma,1
Ikshvaku,Yama,1
Ikshvaku,Kukshi,1
Satananda,Janaka,12
Satananda,Viswamitra,16
Satananda,Rama,8
Satananda,Ahalya,1
Satananda,Jamadagni,1
Satananda,Sona,1
Satananda,Lakshmana,4
Satananda,Kusika,3
Satananda,Kusadhwaja,3
Satananda,Vasishta,4
Kukshi,Vikukshi,2
Kukshi,Bana,4
Kalindi,Himavan,1
Jambavan,Vishnu,1
Kartikeya,Viswamitra,4
Kartikeya,Visakhu,3
Kartikeya,Shiva,4
Kartikeya,Ganga,6
Kartikeya,Indra,2
Kartikeya,Rama,3
Kartikeya,Kusika,1
Kusamba,Kusa,4
Kusamba,Kusanabha,1
Kusamba,Vasu,1
Jamadagni,Ahalya,1
Jamadagni,Viswamitra,2
Jamadagni,Rama,27
Jamadagni,Dasharatha,9
Jamadagni,Bhrigu,6
Jamadagni,Parasurama,14
Jamadagni,Ruchika,2
Jamadagni,Indra,3
Jamadagni,Vishnu,1
Jayanta,Dhrishta,1
Jayanta,Vijaya,1
Jayanta,Siddhartha,1
Jayanta,Mantrapala,1
Jayanta,Sumantra,1
Jayanta,Dasharatha,1
Jayanta,Vasishta,1
Manthara,Tataka,1
Manthara,Indra,1
Manthara,Virochana,1
Manthara,Rama,1
Tataka,Sunda,6
Tataka,Rama,15
Tataka,Malada,3
Tataka,Brahma,2
Tataka,Jharjha,1
Tataka,Maricha,5
Tataka,Agastya,8
Tataka,Raghu,2
Tataka,Indra,2
Tataka,Dasharatha,2
Tataka,Viswamitra,5
Tataka,Lakshmana,2
Manorama,Rama,1
Manorama,Himavan,3
Manorama,Ganga,2
Rahu,Viswamitra,1
Kumbhakarna,Vibhishana,1
Kumbhakarna,Ravana,2
Kumbhakarna,Indrajit,1
Kumbhakarna,Sita,1
Somadatta,Sahadeva,3
Somadatta,Sanjaya,1
Somadatta,Rama,2
Somadatta,Sona,2
Somadatta,Sumati,1
Nandivardhana,Mithi,2
Nandivardhana,Janaka,1
Nandivardhana,Udavasu,2
Nandivardhana,Suketu,2
Dhrishta,Vijaya,1
Dhrishta,Siddhartha,1
Dhrishta,Mantrapala,1
Dhrishta,Sumantra,1
Dhrishta,Dasharatha,1
Dhrishta,Bhrisasva,7
Dhrishta,Satyavan,7
Dhrishta,Satyakirti,7
Dhrishta,Rabhasa,7
Dhrishta,Pratiharatara,7
Dhrishta,Avanmukha,7
Dhrishta,Vishama,7
Dhrishta,Drudhanabha,7
Dhrishta,Sunabha,7
Dhrishta,Dasaksha,7
Bana,Vikukshi,2
Bana,Prithu,2
Arishta,Sagara,2
Arishta,Sumati,2
Bhadra,Mandra,8
Bhadra,Mriga,7
Bhadra,Dasharatha,2
Bhadra,Rama,1
Sachi,Ahalya,1
Sachi,Indra,1
Vayu,Varuna,1
Vayu,Sushena,1
Vayu,Parjanya,1
Vayu,Sarabha,1
Vayu,Hanuman,1
Dhumraswa,Suchandra,4
Dhumraswa,Rama,2
Dhumraswa,Sanjaya,4
Dhumraswa,Sahadeva,3
Dushana,Lakshmana,1
Dushana,Rama,2
Dushana,Khara,1
Dushana,Trishira,1
Virochana,Indra,3
Virochana,Rama,1
Virochana,Vishnu,6
Virochana,Vali,3
Virochana,Aditi,1
Ahalya,Indra,11
Ahalya,Rama,24
Ahalya,Dasharatha,1
Ahalya,Himavan,1
Ahalya,Viswamitra,4
Ahalya,Lakshmana,8
Ahalya,Vishala,1
Trishanku,Sona,2
Trishanku,Rama,12
Trishanku,Vasishta,26
Trishanku,Viswamitra,45
Trishanku,Indra,7
Trishanku,Paka,3
Trishanku,Prithu,2
Trishanku,Yuvanashva,2
Trishanku,Mandhata,3
Vimala,Satavaktra,7
Vimala,Ravana,7
Vimala,Satodara,7
Vimala,Vishnu,7
Vimala,Mahanabha,7
Vimala,Dundunabha,7
Vimala,Sunabha,7
Vimala,Krusana,7
Vimala,Nairasya,7
Vimala,Yogandhara,7
Vimala,Haridradaitya,7
Vimala,Prasamana,7
Vimala,Sarchirmali,7
Vimala,Dhri,7
Vimala,Vrtimanta,7
Vimala,Ruchira,7
Vimala,Pitrusaumanasa,7
Vimala,Makara,7
Vimala,Kara,7
Vimala,Dhana,7
Indrajit,Ravana,2
Indrajit,Sita,1
Sudhruti,Devarata,1
Sudhruti,Brihadratha,2
Sudhruti,Mahavira,2
Sudhruti,Drishtaketu,2
Sudhruti,Rajarshi,1
Kusanabha,Kusa,8
Kusanabha,Vasu,1
Kusanabha,Raghu,2
Kusanabha,Rama,4
Kusanabha,Indra,1
Kusanabha,Brahmadatta,4
Kusanabha,Brahma,2
Kusanabha,Viswamitra,4
Bala,Rama,3
Bala,Raghu,1
Bala,Indra,1
Bala,Diti,2
Hanuman,Sabari,2
Hanuman,Rama,18
Hanuman,Pampa,2
Hanuman,Sugriva,6
Hanuman,Sita,16
Hanuman,Janaka,1
Hanuman,Sampati,3
Hanuman,Ravana,13
Hanuman,Brahma,2
Hanuman,Bharadwaja,1
Hanuman,Bharata,1
Hanuman,Kabandha,1
Hanuman,Indra,1
Hanuman,Mainaka,1
Hanuman,Pushpaka,3
Hanuman,Trijata,1
Hanuman,Madhu,2
Hanuman,Sushena,1
Hanuman,Parjanya,1
Hanuman,Sarabha,1
Hanuman,Nala,1
Hanuman,Nila,1
Hanuman,Surya,1
Hanuman,Vali,1
Jrumbhaka,Ruchira,7
Jrumbhaka,Pitrusaumanasa,7
Jrumbhaka,Makara,7
Jrumbhaka,Kara,7
Jrumbhaka,Dhana,7
Jrumbhaka,Dhanya,7
Jrumbhaka,Kama,7
Jrumbhaka,Roopa,7
Jrumbhaka,Kamaruchi,7
Jrumbhaka,Avarana,7
Jrumbhaka,Sarvanabha,7
Jrumbhaka,Santhana,7
Jrumbhaka,Varuna,7
Jrumbhaka,Rama,14
Nandana,Ravana,1
Vishwakarma,Tara,1
Vishwakarma,Nala,1
Vishwakarma,Nila,1
Vishwakarma,Agni,1
Vishwakarma,Rama,1
Samudra,Sugriva,1
Samudra,Rama,1
Aja,Nahusha,2
Aja,Yayati,2
Aja,Nabhaga,4
Aja,Dasharatha,4
Aja,Rama,2
Aja,Lakshmana,2
Dundunabha,Vishama,7
Dundunabha,Drudhanabha,7
Dundunabha,Sunabha,14
Dundunabha,Dasaksha,7
Dundunabha,Satavaktra,7
Dundunabha,Ravana,7
Dundunabha,Satodara,7
Dundunabha,Vishnu,7
Dundunabha,Mahanabha,7
Dundunabha,Krusana,7
Dundunabha,Nairasya,7
Dundunabha,Yogandhara,7
Dundunabha,Haridradaitya,7
Dundunabha,Prasamana,7
Dundunabha,Sarchirmali,7
Dundunabha,Dhri,7
Dundunabha,Vrtimanta,7
Pratindhaka,Rajarshi,1
Pratindhaka,Drishtaketu,2
Pratindhaka,Haryasva,4
Pratindhaka,Maru,2
Pratindhaka,Kirtiratha,4
Pratindhaka,Devamidha,1
Bhriguprasravana,Himavan,2
Bhriguprasravana,Sagara,3
Surya,Nala,1
Surya,Nila,1
Surya,Sugriva,1
Surya,Vali,1
Surya,Indra,1
Surya,Garuda,1
Surya,Brahma,6
Surya,Marichi,4
Surya,Kasyapa,4
Surya,Manu,4
Surya,Yama,2
Omkara,Vashatkara,1
Mantrapala,Vijaya,1
Mantrapala,Siddhartha,1
Mantrapala,Sumantra,1
Mantrapala,Dasharatha,1
Mantrapala,Vasishta,1
Mantrapala,Vamadeva,1
Agnivarna,Samkhana,9
Agnivarna,Kalmashapada,2
Agnivarna,Sudarshana,4
Agnivarna,Shighraga,8
Agnivarna,Maru,8
Agnivarna,Prasusruka,5
Anshuman,Asamanja,8
Anshuman,Sagara,18
Anshuman,Rama,10
Anshuman,Garuda,9
Anshuman,Vinata,1
Anshuman,Kalpa,1
Anshuman,Dilipa,6
Anshuman,Himavan,2
Anshuman,Ganga,3
Anshuman,Bhagiratha,6
Anshuman,Raghu,2
Anshuman,Pravriddha,1
Suchandra,Rama,3
Suchandra,Vishala,2
Suchandra,Sanjaya,3
Suchandra,Sahadeva,1
Viswamitra,Rama,220
Viswamitra,Dasharatha,37
Viswamitra,Kusika,32
Viswamitra,Indra,24
Viswamitra,Brahma,47
Viswamitra,Vasishta,106
Viswamitra,Ravana,2
Viswamitra,Subahu,1
Viswamitra,Bhrisasva,1
Viswamitra,Sumitra,1
Viswamitra,Lakshmana,37
Viswamitra,Visakhu,3
Viswamitra,Sarayu,1
Viswamitra,Kama,3
Viswamitra,Ganga,14
Viswamitra,Raghu,23
Viswamitra,Vishnu,1
Viswamitra,Punarvasu,1
Viswamitra,Janaka,31
Viswamitra,Himavan,7
Viswamitra,Kusa,4
Viswamitra,Satyavati,13
Viswamitra,Richika,3
Viswamitra,Kausiki,9
Viswamitra,Sona,14
Viswamitra,Bhagiratha,1
Viswamitra,Sagara,1
Viswamitra,Vishala,4
Viswamitra,Sumati,3
Viswamitra,Sabala,12
Viswamitra,Kamadhenu,3
Viswamitra,Shiva,4
Viswamitra,Rajarshi,2
Viswamitra,Havishyanda,1
Viswamitra,Madhuchanda,1
Viswamitra,Drudhanetra,1
Viswamitra,Maharatha,1
Viswamitra,Chandala,4
Viswamitra,Mahodaya,2
Viswamitra,Pushkara,6
Viswamitra,Sunahsepha,9
Viswamitra,Maharshi,5
Viswamitra,Rambha,7
Viswamitra,Sita,4
Viswamitra,Kausalya,1
Viswamitra,Kusadhwaja,1
Viswamitra,Parasurama,1
Siddhartha,Vijaya,1
Siddhartha,Sumantra,1
Siddhartha,Dasharatha,1
Siddhartha,Vasishta,1
Siddhartha,Vamadeva,1
Dhruvasandhi,Mandhata,3
Dhruvasandhi,Susandhi,2
Dhruvasandhi,Prasenajit,2
Dhruvasandhi,Bharata,2
Vishala,Ganga,1
Vishala,Rama,15
Vishala,Lakshmana,2
Vishala,Indra,1
Vishala,Diti,1
Vishala,Alambusa,5
Vibhishana,Rama,3
Vibhishana,Ravana,2
Vibhishana,Sita,1
Vibhishana,Pushpaka,1
Raghu,Rama,44
Raghu,Narada,1
Raghu,Dasharatha,5
Raghu,Kama,2
Raghu,Shiva,3
Raghu,Bhrisasva,7
Raghu,Brahmadatta,3
Raghu,Indra,3
Raghu,Virupaksha,2
Raghu,Kapila,5
Raghu,Sagara,3
Raghu,Jahnu,3
Raghu,Ganga,1
Raghu,Vasishta,12
Raghu,Brahma,1
Raghu,Richika,1
Raghu,Vishnu,1
Raghu,Sunahsepha,1
Raghu,Janaka,4
Raghu,Bhagiratha,4
Raghu,Pravriddha,6
Raghu,Bharata,2
Raghu,Yuddhajit,1
Sabala,Vasishta,14
Sabala,Kamadhenu,3
Sabala,Rama,7
Sabala,Brahma,1
Mainda,Dvivida,1
Mainda,Varuna,1
Mainda,Sushena,1
Somada,Urmila,2
Somada,Brahmadatta,3
Somada,Indra,1
Somada,Rama,1
Vali,Rama,16
Vali,Sugriva,20
Vali,Tara,4
Vali,Indra,7
Vali,Nila,1
Vali,Garuda,1
Vali,Vishnu,8
Vali,Aditi,1
Pampa,Sabari,2
Pampa,Rama,6
Pampa,Sugriva,1
Pampa,Jatayu,1
Pampa,Kabandha,1
Sumitra,Rama,6
Sumitra,Lakshmana,8
Sumitra,Dasharatha,8
Sumitra,Kausalya,7
Sumitra,Kaikeyi,8
Sumitra,Vishnu,1
Sumitra,Bharata,3
Sumitra,Shatrughna,3
Sumitra,Vasishta,2
Bindusara,Shiva,1
Bindusara,Ganga,3
Bindusara,Hladini,1
Lakshmana,Dasharatha,24
Lakshmana,Kaikeyi,7
Lakshmana,Rama,161
Lakshmana,Janaka,21
Lakshmana,Sumantra,3
Lakshmana,Sita,14
Lakshmana,Ganga,10
Lakshmana,Viradha,1
Lakshmana,Sarabhanga,1
Lakshmana,Sutikshna,1
Lakshmana,Agastya,2
Lakshmana,Ravana,2
Lakshmana,Khara,1
Lakshmana,Trishira,1
Lakshmana,Maricha,4
Lakshmana,Jatayu,1
Lakshmana,Narada,1
Lakshmana,Bharata,16
Lakshmana,Bharadwaja,1
Lakshmana,Kusa,1
Lakshmana,Lava,1
Lakshmana,Shatrughna,13
Lakshmana,Vasishta,4
Lakshmana,Kausalya,5
Lakshmana,Kusika,3
Lakshmana,Kama,2
Lakshmana,Punarvasu,1
Lakshmana,Subahu,2
Lakshmana,Sumati,1
Lakshmana,Indra,1
Lakshmana,Urmila,6
Lakshmana,Srutakirti,2
Bharata,Dasharatha,18
Bharata,Rama,54
Bharata,Kaikeyi,6
Bharata,Vasishta,4
Bharata,Bharadwaja,1
Bharata,Sugriva,1
Bharata,Narada,1
Bharata,Sita,3
Bharata,Pushpaka,1
Bharata,Kusa,1
Bharata,Lava,1
Bharata,Shatrughna,19
Bharata,Vishnu,2
Bharata,Kausalya,2
Bharata,Susandhi,1
Bharata,Prasenajit,1
Bharata,Talajangha,1
Bharata,Kusadhwaja,1
Bharata,Srutakirti,4
Bharata,Yuddhajit,5
Bharata,Urmila,2
Bharata,Janaka,1
Mahishi,Agni,1
Mahishi,Adhvaryu,1
Mahishi,Parivritti,1
Mahishi,Vavaata,1
Mahishi,Palakali,1
Visakhu,Shiva,3
Drudhanetra,Havishyanda,1
Drudhanetra,Madhuchanda,1
Drudhanetra,Maharatha,1
Santhana,Makara,7
Santhana,Kara,7
Santhana,Dhana,7
Santhana,Dhanya,7
Santhana,Kama,7
Santhana,Roopa,7
Santhana,Kamaruchi,7
Santhana,Avarana,7
Santhana,Sarvanabha,7
Santhana,Varuna,7
Santhana,Rama,21
Vishama,Satyavan,7
Vishama,Satyakirti,7
Vishama,Rabhasa,7
Vishama,Pratiharatara,7
Vishama,Avanmukha,7
Vishama,Drudhanabha,7
Vishama,Sunabha,14
Vishama,Dasaksha,7
Vishama,Satavaktra,7
Vishama,Ravana,7
Vishama,Satodara,7
Vishama,Vishnu,7
Vishama,Mahanabha,7
Sunaka,Richika,2
Sanatkumara,Kasyapa,1
Sanatkumara,Shanta,1
Sanatkumara,Dasharatha,1
Sanatkumara,Sumantra,2
Vritra,Malada,1
Vritra,Rama,1
Vritra,Indra,1
Nimi,Devarata,1
Nimi,Shiva,1
Nimi,Janaka,2
Nimi,Mithi,4
Sushena,Dvivida,1
Sushena,Varuna,1
Sushena,Parjanya,1
Sushena,Sarabha,1
Maharshi,Kusika,3
Maharshi,Brahma,3
Maharshi,Sona,2
Maharshi,Vasishta,2
Maharshi,Rama,2
Janaka,Rama,43
Janaka,Dasharatha,44
Janaka,Sita,25
Janaka,Sugriva,1
Janaka,Sampati,1
Janaka,Sumantra,1
Janaka,Vasishta,15
Janaka,Sumati,1
Janaka,Indra,3
Janaka,Vamadeva,1
Janaka,Jabali,1
Janaka,Kasyapa,1
Janaka,Kusadhwaja,31
Janaka,Pushpaka,1
Janaka,Mithi,2
Janaka,Udavasu,2
Janaka,Suketu,1
Janaka,Hrasvaroma,5
Janaka,Sudhanva,12
Janaka,Shiva,2
Janaka,Urmila,6
Janaka,Agni,2
Janaka,Kausalya,1
Janaka,Shatrughna,1
Janaka,Srutakirti,1
Maru,Samkhana,9
Maru,Shighraga,8
Maru,Prasusruka,4
Maru,Sudarshana,2
Maru,Nahusha,2
Maru,Rajarshi,1
Maru,Drishtaketu,1
Maru,Haryasva,2
Maru,Kirtiratha,2
Rama,Brahma,22
Rama,Kausalya,15
Rama,Vishnu,18
Rama,Dasharatha,139
Rama,Kaikeyi,15
Rama,Sita,116
Rama,Rohini,6
Rama,Guha,9
Rama,Sumantra,7
Rama,Ganga,29
Rama,Bharadwaja,4
Rama,Viradha,6
Rama,Sarabhanga,8
Rama,Sutikshna,5
Rama,Agastya,11
Rama,Indra,33
Rama,Khara,3
Rama,Trishira,3
Rama,Ravana,14
Rama,Maricha,20
Rama,Jatayu,12
Rama,Kabandha,15
Rama,Sabari,6
Rama,Sugriva,44
Rama,Agni,5
Rama,Nala,1
Rama,Narada,6
Rama,Valmiki,14
Rama,Parasurama,50
Rama,Anasuya,2
Rama,Tara,1
Rama,Madhu,2
Rama,Pushpaka,1
Rama,Kusa,7
Rama,Lava,5
Rama,Shatrughna,15
Rama,Vasishta,34
Rama,Subahu,8
Rama,Kusika,15
Rama,Sunda,2
Rama,Upasunda,1
Rama,Sona,11
Rama,Sarayu,4
Rama,Kama,12
Rama,Malada,1
Rama,Bhrigu,3
Rama,Chitraratha,1
Rama,Shiva,23
Rama,Bhaga,1
Rama,Bhrisasva,7
Rama,Kara,7
Rama,Dhana,7
Rama,Dhanya,7
Rama,Roopa,7
Rama,Kamaruchi,7
Rama,Avarana,14
Rama,Sarvanabha,14
Rama,Varuna,24
Rama,Kasyapa,6
Rama,Punarvasu,1
Rama,Devarata,2
Rama,Mahodaya,1
Rama,Vasu,4
Rama,Vasumati,1
Rama,Brahmadatta,3
Rama,Satyavati,5
Rama,Kausiki,2
Rama,Himavan,10
Rama,Parvati,5
Rama,Sagara,13
Rama,Jambu,1
Rama,Garuda,2
Rama,Dilipa,2
Rama,Bhagiratha,15
Rama,Rajarshi,2
Rama,Diti,18
Rama,Aditi,2
Rama,Varuni,4
Rama,Vajra,1
Rama,Alambusa,4
Rama,Sanjaya,1
Rama,Sumati,2
Rama,Kamadhenu,2
Rama,Chandala,2
Rama,Richika,3
Rama,Sunahsepha,5
Rama,Pushkara,1
Rama,Madhuchanda,1
Rama,Rambha,3
Rama,Vamadeva,1
Rama,Pravriddha,2
Rama,Urmila,5
Rama,Vijaya,4
Rama,Srutakirti,4
Sarchirmali,Vishnu,7
Sarchirmali,Mahanabha,7
Sarchirmali,Sunabha,7
Sarchirmali,Krusana,7
Sarchirmali,Nairasya,7
Sarchirmali,Yogandhara,7
Sarchirmali,Haridradaitya,7
Sarchirmali,Prasamana,7
Sarchirmali,Dhri,7
Sarchirmali,Vrtimanta,7
Sarchirmali,Ruchira,7
Sarchirmali,Pitrusaumanasa,7
Sarchirmali,Makara,7
Sarchirmali,Kara,7
Sarchirmali,Dhana,7
Sarchirmali,Dhanya,7
Sarchirmali,Kama,7
Sarchirmali,Roopa,7
Sarchirmali,Kamaruchi,7
Haryasva,Drishtaketu,4
Haryasva,Rajarshi,2
Haryasva,Kirtiratha,1
Jharjha,Sunda,1
Jharjha,Maricha,1
Pushkara,Sunahsepha,2
Pushkara,Kusika,1
Palakali,Agni,1
Palakali,Adhvaryu,1
Palakali,Parivritti,1
Palakali,Vavaata,1
Kara,Yogandhara,7
Kara,Haridradaitya,7
Kara,Prasamana,7
Kara,Dhri,7
Kara,Vrtimanta,7
Kara,Ruchira,7
Kara,Pitrusaumanasa,7
Kara,Makara,7
Kara,Dhana,7
Kara,Dhanya,7
Kara,Kama,7
Kara,Roopa,7
Kara,Kamaruchi,7
Kara,Avarana,7
Kara,Sarvanabha,7
Kara,Varuna,7
Kausalya,Dasharatha,9
Kausalya,Vishnu,3
Kausalya,Aditi,4
Kausalya,Indra,1
Kausalya,Vasishta,5
Kausalya,Kaikeyi,4
Kausalya,Vamadeva,1
Kausalya,Agni,2
Kausalya,Sita,3
Sumagadhi,Vasu,1
Sumagadhi,Sona,1
Daksha,Jaya,2
Daksha,Suprabha,1
Daksha,Shiva,2
Sita,Dasharatha,14
Sita,Rohini,4
Sita,Guha,2
Sita,Sumantra,3
Sita,Ganga,2
Sita,Maricha,3
Sita,Jatayu,7
Sita,Ravana,10
Sita,Kabandha,2
Sita,Sugriva,5
Sita,Sampati,1
Sita,Narada,1
Sita,Parasurama,1
Sita,Bharadwaja,1
Sita,Sarabhanga,1
Sita,Sutikshna,2
Sita,Anasuya,2
Sita,Agastya,1
Sita,Tara,1
Sita,Trijata,1
Sita,Madhu,1
Sita,Pushpaka,1
Sita,Valmiki,1
Sita,Kusa,1
Sita,Lava,1
Sita,Hladini,1
Sita,Pavani,1
Sita,Nalini,1
Sita,Suchakshu,1
Sita,Sindhu,1
Sita,Sona,3
Sita,Shiva,1
Sita,Sudhanva,1
Sita,Urmila,5
Sita,Agni,4
Sita,Shatrughna,1
Sita,Srutakirti,2
Sita,Kusadhwaja,1
Sita,Brahma,1
Tripura,Shiva,5
Tripura,Dasharatha,3
Tripura,Parasurama,1
Tripura,Vasishta,1
Swarnaroma,Mahidhraka,1
Swarnaroma,Kirtirata,2
Swarnaroma,Rajarshi,2
Swarnaroma,Maharoma,4
Swarnaroma,Hrasvaroma,6
Katyayana,Vasishta,2
Katyayana,Vamadeva,2
Katyayana,Jabali,2
Katyayana,Kasyapa,2
Katyayana,Dasharatha,2
Sunda,Upasunda,1
Sunda,Maricha,3
Sunda,Subahu,1
Sunda,Agastya,1
Vamadeva,Sumantra,5
Vamadeva,Dasharatha,5
Vamadeva,Vasishta,8
Vamadeva,Suyajna,4
Vamadeva,Jabali,6
Vamadeva,Kasyapa,6
Airavata,Indra,2
Airavata,Anjana,2
Airavata,Vishnu,2
Tara,Sugriva,5
Tara,Nala,1
Brihadratha,Suketu,4
Brihadratha,Devarata,2
Brihadratha,Mahavira,2
Upasunda,Maricha,1
Upasunda,Subahu,1
Sindhu,Indra,1
Sindhu,Ucchaisrava,1
Sindhu,Dasharatha,1
Sindhu,Suchakshu,1
Sindhu,Bhagiratha,1
Kushaplavana,Kasyapa,1
Kushaplavana,Diti,2
Viradha,Sarabhanga,2
Viradha,Sutikshna,2
Viradha,Agastya,1
Samkhana,Pravriddha,2
Samkhana,Kalmashapada,5
Samkhana,Sudarshana,5
Samkhana,Shighraga,8
Samkhana,Prasusruka,2
Kapila,Vasudeva,3
Kapila,Sagara,4
Kapila,Vishnu,4
Prithu,Yuvanashva,1
Brahma,Valmiki,14
Brahma,Manu,5
Brahma,Sagara,2
Brahma,Dasharatha,10
Brahma,Adhvaryu,2
Brahma,Ravana,25
Brahma,Indra,5
Brahma,Vishnu,11
Brahma,Shatrughna,1
Brahma,Manasa,1
Brahma,Sarovara,1
Brahma,Sarayu,2
Brahma,Ganga,4
Brahma,Suketu,2
Brahma,Kusa,3
Brahma,Dharma,1
Brahma,Kausiki,2
Brahma,Shiva,4
Brahma,Parvati,4
Brahma,Vasudeva,2
Brahma,Bhagiratha,7
Brahma,Vasishta,12
Brahma,Sona,2
Brahma,Kusika,2
Brahma,Marichi,4
Brahma,Kasyapa,6
Brahma,Yama,1
Brahma,Bhaga,1
Rabhasa,Bhrisasva,7
Rabhasa,Satyavan,7
Rabhasa,Satyakirti,7
Rabhasa,Pratiharatara,7
Rabhasa,Avanmukha,7
Rabhasa,Drudhanabha,7
Rabhasa,Sunabha,7
Rabhasa,Dasaksha,7
Rabhasa,Satavaktra,7
Nahusha,Shighraga,2
Nahusha,Prasusruka,2
Nahusha,Yayati,2
Nahusha,Nabhaga,4
Jaya,Suprabha,1
Nalini,Ganga,4
Nalini,Hladini,2
Nalini,Pavani,2
Nalini,Suchakshu,1
Diti,Aditi,7
Diti,Varuni,3
Diti,Vishnu,1
Diti,Indra,67
Diti,Kasyapa,22
Diti,Maricha,4
Diti,Vajra,6
Diti,Devi,6
Diti,Sona,1
Vinata,Garuda,2
Himavan,Ganga,16
Himavan,Kausiki,2
Himavan,Satyavati,2
Himavan,Parvati,6
Himavan,Shiva,6
Himavan,Varuna,1
Himavan,Sumati,1
Himavan,Sagara,5
Himavan,Dilipa,1
Himavan,Bhagiratha,2
Himavan,Bhrigu,1
Mandra,Mriga,6
Mandra,Dasharatha,2
Kamaruchi,Dhri,7
Kamaruchi,Vrtimanta,7
Kamaruchi,Ruchira,7
Kamaruchi,Pitrusaumanasa,7
Kamaruchi,Makara,7
Kamaruchi,Dhana,7
Kamaruchi,Dhanya,7
Kamaruchi,Kama,7
Kamaruchi,Roopa,7
Kamaruchi,Avarana,7
Kamaruchi,Sarvanabha,7
Kamaruchi,Varuna,7
Dasharatha,Kaikeyi,12
Dasharatha,Guha,2
Dasharatha,Sumantra,10
Dasharatha,Ganga,1
Dasharatha,Sabari,1
Dasharatha,Indra,23
Dasharatha,Manu,9
Dasharatha,Mriga,2
Dasharatha,Vijaya,1
Dasharatha,Vasishta,24
Dasharatha,Shanta,4
Dasharatha,Romapada,13
Dasharatha,Sarayu,2
Dasharatha,Garuda,1
Dasharatha,Adhvaryu,2
Dasharatha,Vishnu,10
Dasharatha,Shatrughna,6
Dasharatha,Ravana,2
Dasharatha,Sona,2
Dasharatha,Kusika,1
Dasharatha,Sumati,1
Dasharatha,Jabali,4
Dasharatha,Kasyapa,4
Dasharatha,Yayati,1
Dasharatha,Nabhaga,4
Dasharatha,Makha,1
Dasharatha,Yuddhajit,6
Dasharatha,Bhrigu,5
Dasharatha,Parasurama,9
Dasharatha,Varuna,1
Prasamana,Satodara,7
Prasamana,Vishnu,7
Prasamana,Mahanabha,7
Prasamana,Sunabha,7
Prasamana,Krusana,7
Prasamana,Nairasya,7
Prasamana,Yogandhara,7
Prasamana,Haridradaitya,7
Prasamana,Dhri,7
Prasamana,Vrtimanta,7
Prasamana,Ruchira,7
Prasamana,Pitrusaumanasa,7
Prasamana,Makara,7
Prasamana,Dhana,7
Prasamana,Dhanya,7
Prasamana,Kama,7
Prasamana,Roopa,7
Yama,Maricha,2
Yama,Subahu,2
Yama,Vasishta,1
Yama,Manu,2
Kalpa,Sarayu,1
Kalpa,Sagara,2
Agni,Sugriva,2
Agni,Adhvaryu,1
Agni,Parivritti,1
Agni,Vavaata,1
Agni,Nala,2
Agni,Nila,2
Agni,Vishnu,2
Agni,Ganga,1
Agni,Parvati,1
Agni,Sunahsepha,1
Agni,Sona,1
Sarabha,Varuna,1
Sarabha,Parjanya,1
Dhri,Mahanabha,7
Dhri,Sunabha,7
Dhri,Krusana,7
Dhri,Nairasya,7
Dhri,Yogandhara,7
Dhri,Haridradaitya,7
Dhri,Vrtimanta,7
Dhri,Ruchira,7
Dhri,Pitrusaumanasa,7
Dhri,Makara,7
Dhri,Dhana,7
Dhri,Dhanya,7
Dhri,Kama,7
Dhri,Roopa,7
Bhagiratha,Ganga,45
Bhagiratha,Dilipa,12
Bhagiratha,Indra,1
Bhagiratha,Gokarna,2
Bhagiratha,Sagara,12
Bhagiratha,Shiva,5
Bhagiratha,Sona,1
Bhagiratha,Rajarshi,8
Bhagiratha,Jahnu,1
Bhagiratha,Pravriddha,4
Shighraga,Sudarshana,4
Shighraga,Prasusruka,4
Suchakshu,Hladini,1
Suchakshu,Pavani,1
Yogandhara,Ravana,7
Yogandhara,Satodara,7
Yogandhara,Vishnu,7
Yogandhara,Mahanabha,7
Yogandhara,Sunabha,7
Yogandhara,Krusana,7
Yogandhara,Nairasya,7
Yogandhara,Haridradaitya,7
Yogandhara,Vrtimanta,7
Yogandhara,Ruchira,7
Yogandhara,Pitrusaumanasa,7
Yogandhara,Makara,7
Yogandhara,Dhana,7
Yogandhara,Dhanya,7
Sunabha,Satyakirti,7
Sunabha,Pratiharatara,7
Sunabha,Avanmukha,7
Sunabha,Drudhanabha,14
Sunabha,Dasaksha,14
Sunabha,Satavaktra,14
Sunabha,Ravana,14
Sunabha,Satodara,14
Sunabha,Vishnu,14
Sunabha,Mahanabha,14
Sunabha,Krusana,14
Sunabha,Nairasya,14
Sunabha,Haridradaitya,7
Sunabha,Vrtimanta,7
Sunabha,Ruchira,7
Vasishta,Vijaya,3
Vasishta,Sumantra,8
Vasishta,Suyajna,4
Vasishta,Jabali,6
Vasishta,Kasyapa,6
Vasishta,Kaikeyi,2
Vasishta,Shatrughna,1
Vasishta,Kamadhenu,6
Vasishta,Chandala,3
Vasishta,Mahodaya,2
Vasishta,Indra,1
Vasishta,Pravriddha,8
Vasishta,Sudhanva,1
Vasishta,Kusadhwaja,1
Vasishta,Parasurama,2
Vasishta,Varuna,1
Sabari,Kabandha,1
Sabari,Sugriva,1
Rambha,Indra,8
Rambha,Kama,3
Rambha,Sona,1
Rambha,Kusika,1
Jabali,Sumantra,4
Jabali,Suyajna,4
Jabali,Kasyapa,6
Guha,Sumantra,3
Madhuchanda,Havishyanda,1
Madhuchanda,Maharatha,1
Paka,Indra,2
Subahu,Maricha,10
Subahu,Ravana,3
Dvivida,Varuna,1
Dvivida,Parjanya,1
Ruchira,Krusana,7
Ruchira,Nairasya,7
Ruchira,Haridradaitya,7
Ruchira,Vrtimanta,7
Ruchira,Pitrusaumanasa,7
Ruchira,Makara,7
Ruchira,Dhana,7
Ruchira,Dhanya,7
Ruchira,Kama,7
Ruchira,Roopa,7
Ruchira,Avarana,7
Ruchira,Sarvanabha,7
Pravriddha,Kalmashapada,3
Adhvaryu,Parivritti,1
Adhvaryu,Vavaata,1
Avarana,Vrtimanta,7
Avarana,Pitrusaumanasa,7
Avarana,Makara,7
Avarana,Dhana,7
Avarana,Dhanya,7
Avarana,Kama,7
Avarana,Roopa,7
Avarana,Sarvanabha,7
Avarana,Varuna,7
Garuda,Indra,1
Garuda,Sumati,2
Garuda,Sagara,2
Satyavati,Richika,10
Satyavati,Kausiki,5
Tamasa,Narada,1
Tamasa,Valmiki,6
Tamasa,Bharadwaja,1
Dilipa,Ganga,6
Dilipa,Indra,3
Dilipa,Sagara,3
Dilipa,Asamanja,1
Yuddhajit,Kaikeyi,1
Valmiki,Narada,12
Valmiki,Bharadwaja,4
Valmiki,Kusa,5
Valmiki,Lava,6
Pratiharatara,Satyavan,7
Pratiharatara,Satyakirti,7
Pratiharatara,Avanmukha,7
Pratiharatara,Drudhanabha,7
Pratiharatara,Dasaksha,7
Pratiharatara,Satavaktra,7
Pratiharatara,Ravana,7
Maricha,Ravana,19
Maricha,Indra,4
Maricha,Agastya,3
Maricha,Vishnu,1
Maricha,Kasyapa,6
Parjanya,Romapada,1
Parjanya,Varuna,1
Sarovara,Manasa,4
Sarovara,Sarayu,2
Ucchaisrava,Indra,1
Prasenajit,Mandhata,2
Prasenajit,Susandhi,1
Yuvanashva,Mandhata,2
Yuvanashva,Susandhi,1
Sanjaya,Sahadeva,3
Dasaksha,Avanmukha,7
Dasaksha,Drudhanabha,7
Dasaksha,Satavaktra,7
Dasaksha,Ravana,7
Dasaksha,Satodara,7
Dasaksha,Vishnu,7
Dasaksha,Mahanabha,7
Dasaksha,Krusana,7
Dasaksha,Nairasya,7
Kirtiratha,Devamidha,4
Kirtiratha,Vibudha,2
Kirtiratha,Mahidhraka,1
Kirtiratha,Kirtirata,1
Sarabhanga,Sutikshna,2
Sarabhanga,Agastya,2
Sarabhanga,Anasuya,1
Vasumati,Vasu,2
Varuna,Dhana,7
Varuna,Dhanya,7
Varuna,Kama,7
Varuna,Roopa,7
Varuna,Sarvanabha,7
Varuna,Shiva,1
Varuna,Parvati,1
Varuna,Varuni,1
Havishyanda,Maharatha,1
Mahidhraka,Devamidha,3
Mahidhraka,Vibudha,2
Mahidhraka,Kirtirata,4
Mahidhraka,Rajarshi,2
Mahidhraka,Maharoma,3
Vibudha,Devamidha,2
Vibudha,Kirtirata,2
Vibudha,Rajarshi,1
Ruchika,Richika,1
Ruchika,Bhrigu,1
Kusa,Lava,13
Kusa,Ravana,2
Kusa,Shatrughna,1
Kusa,Dharma,2
Kusa,Vasu,4
Kusa,Sunahsepha,2
Mahavira,Devarata,1
Ganga,Sumantra,2
Ganga,Sarayu,5
Ganga,Shiva,23
Ganga,Parvati,1
Ganga,Indra,1
Ganga,Sagara,11
Ganga,Sona,3
Ganga,Hladini,5
Ganga,Pavani,6
Ganga,Rajarshi,4
Ganga,Jahnu,24
Khara,Trishira,2
Khara,Ravana,1
Romapada,Sumantra,1
Romapada,Indra,3
Romapada,Vibhandaka,1
Romapada,Shanta,5
Kasyapa,Sumantra,5
Kasyapa,Suyajna,4
Kasyapa,Vibhandaka,2
Kasyapa,Aditi,1
Kasyapa,Vishnu,3
Kasyapa,Indra,8
Kasyapa,Marichi,4
Kasyapa,Manu,4
Kasyapa,Parasurama,1
Mithi,Udavasu,3
Sumantra,Vijaya,1
Sumantra,Suyajna,4
Bhrisasva,Satyavan,7
Bhrisasva,Satyakirti,7
Agastya,Sutikshna,2
Agastya,Indra,1
Agastya,Jatayu,1
Sona,Kusika,8
Sona,Shiva,1
Sona,Sumati,1
Sona,Indra,5
Aditi,Punarvasu,3
Aditi,Indra,6
Aditi,Vishnu,10
Aditi,Varuni,2
Satodara,Avanmukha,7
Satodara,Drudhanabha,7
Satodara,Satavaktra,7
Satodara,Ravana,7
Satodara,Vishnu,7
Satodara,Mahanabha,7
Satodara,Krusana,7
Satodara,Nairasya,7
Satodara,Haridradaitya,7
Lava,Ravana,2
Lava,Shatrughna,1
Nala,Ravana,1
Nala,Nila,2
Nala,Sugriva,1
Malada,Indra,2
Maharoma,Kirtirata,4
Maharoma,Rajarshi,2
Maharoma,Hrasvaroma,4
Nila,Sugriva,1
Ravana,Jatayu,2
Ravana,Trishira,1
Ravana,Pushpaka,1
Ravana,Trijata,1
Ravana,Indra,5
Ravana,Vishnu,15
Ravana,Madhu,1
Ravana,Avanmukha,7
Ravana,Drudhanabha,7
Ravana,Satavaktra,7
Ravana,Mahanabha,7
Ravana,Krusana,7
Ravana,Nairasya,7
Manu,Sagara,2
Manu,Marichi,3
Haridradaitya,Vishnu,7
Haridradaitya,Mahanabha,7
Haridradaitya,Krusana,7
Haridradaitya,Nairasya,7
Haridradaitya,Vrtimanta,7
Haridradaitya,Pitrusaumanasa,7
Haridradaitya,Makara,7
Haridradaitya,Dhana,7
Haridradaitya,Dhanya,7
Haridradaitya,Kama,7
Parasurama,Bhrigu,1
Parasurama,Indra,6
Parasurama,Vishnu,1
Parasurama,Madhu,1
Kalmashapada,Sudarshana,2
Makara,Nairasya,7
Makara,Vrtimanta,7
Makara,Pitrusaumanasa,7
Makara,Dhana,7
Makara,Dhanya,7
Makara,Kama,7
Makara,Roopa,7
Makara,Sarvanabha,7
Devarata,Udavasu,1
Devarata,Suketu,2
Devarata,Rajarshi,1
Devarata,Vishnu,1
Sudarshana,Prasusruka,1
Roopa,Vrtimanta,7
Roopa,Pitrusaumanasa,7
Roopa,Dhana,7
Roopa,Dhanya,7
Roopa,Kama,7
Roopa,Sarvanabha,7
Sarayu,Shiva,1
Sarayu,Manasa,2
Sarayu,Asamanja,3
Nairasya,Satavaktra,7
Nairasya,Vishnu,7
Nairasya,Mahanabha,7
Nairasya,Krusana,7
Nairasya,Vrtimanta,7
Nairasya,Pitrusaumanasa,7
Devi,Vajra,1
Devi,Indra,3
Yayati,Nabhaga,2
Satyakirti,Satyavan,7
Satyakirti,Avanmukha,7
Satyakirti,Drudhanabha,7
Parivritti,Vavaata,1
Kirtirata,Devamidha,2
Kirtirata,Rajarshi,2
Sarvanabha,Pitrusaumanasa,7
Sarvanabha,Dhana,7
Sarvanabha,Dhanya,7
Sarvanabha,Kama,7
Kusika,Indra,3
Kusika,Kama,1
Kusika,Chandala,1
Brahmadatta,Indra,2
Dhana,Vrtimanta,7
Dhana,Pitrusaumanasa,7
Dhana,Dhanya,7
Dhana,Kama,7
Susandhi,Mandhata,2
Sagara,Sumati,5
Sagara,Bhrigu,5
Sagara,Asamanja,5
Sagara,Shiva,1
Sagara,Indra,2
Sagara,Vishnu,2
Sagara,Rajarshi,1
Anasuya,Sutikshna,1
Kusadhwaja,Indra,4
Kusadhwaja,Vishnu,3
Kusadhwaja,Hrasvaroma,3
Kusadhwaja,Sudhanva,1
Kusadhwaja,Srutakirti,2
Kusadhwaja,Shatrughna,2
Kusadhwaja,Urmila,1
Sudhanva,Shiva,1
Pavani,Hladini,2
Shiva,Kama,24
Shiva,Parvati,14
Shiva,Vishnu,13
Shiva,Rajarshi,2
Indra,Sampati,1
Indra,Mainaka,1
Indra,Anjana,2
Indra,Vishnu,17
Indra,Sugriva,2
Indra,Bhrigu,1
Indra,Vajra,3
Indra,Sunahsepha,1
Indra,Kama,1
Kaikeyi,Vishnu,1
Kaikeyi,Shatrughna,4
Asamanja,Sumati,1
Suketu,Udavasu,4
Anjana,Vishnu,2
Sampati,Mainaka,1
Krusana,Drudhanabha,7
Krusana,Satavaktra,7
Krusana,Vishnu,7
Krusana,Mahanabha,7
Krusana,Vrtimanta,7
Krusana,Pitrusaumanasa,7
Srutakirti,Shatrughna,5
Srutakirti,Urmila,2
Urmila,Shatrughna,1
Vrtimanta,Pitrusaumanasa,7
Vrtimanta,Dhanya,7
Vrtimanta,Kama,7
Sugriva,Bharadwaja,1
Avanmukha,Satyavan,7
Avanmukha,Drudhanabha,7
Avanmukha,Satavaktra,7
Avanmukha,Vishnu,7
Avanmukha,Mahanabha,7
Madhu,Vishnu,1
Mohini,Vishnu,1
Satyavan,Drudhanabha,7
Kama,Pitrusaumanasa,7
Kama,Dhanya,7
Chandala,Mahodaya,1
Jatayu,Kabandha,3
Richika,Bhrigu,3
Richika,Vishnu,1
Drudhanabha,Satavaktra,7
Drudhanabha,Vishnu,7
Drudhanabha,Mahanabha,7
Pitrusaumanasa,Dhanya,7
Vishnu,Bhrigu,1
Vishnu,Satavaktra,7
Vishnu,Mahanabha,7
Vishnu,Rajarshi,1
Mahanabha,Satavaktra,7
Rajarshi,Drishtaketu,2
