Id,Eigenvector_Centrality,Active_In_Kanda
Udgata,0.0016145063300994431,True
Surpanakha,0.008767930748736422,True
Shukra,0.003271558311852983,True
Lakshaksha,0.0017706422726980814,True
Gadhi,0.02004641115338042,True
Asita,0.0002975349652985424,True
Hemachandra,0.0058401975032918545,True
Ghritachi,0.0002462186507312926,True
Anaranya,0.00034344292586331615,True
Mandavi,0.007250610498192316,True
Mali,0.002387192719659536,True
Chuli,1.2136795949328125e-05,True
Paranmukha,0.0009174431985978848,True
Mahapadma,0.0006978016540827401,True
Chyavana,7.788534632813418e-05,True
Kusaswa,0.0015269187543320384,True
Menaka,0.01602566133851641,True
Gautama,0.048366210616525955,True
Dundhumara,0.00034707028615522966,True
Bhrigutunda,0.0016357535692293325,True
Brihaspati,0.0006543732746800808,True
Markandeya,0.004116808155643656,True
Renuka,0.002830701478748328,True
Kartavirya,0.0021511241178971906,True
Balasura,0.0005843910861541545,True
Kubera,0.011677044516688054,True
Dundubhi,0.008762573253195368,True
Moha,0.013710381775273573,True
Kesini,0.0015360441566503727,True
Ambarisha,0.015466496675697765,True
Ikshvaku,0.011455311500467875,True
Satananda,0.03757996903442948,True
Kukshi,2.5666002301795037e-05,True
Kalindi,5.755541975610053e-05,True
Jambavan,0.00010183653679915971,True
Kartikeya,0.01032849067813187,True
Kusamba,0.0001911855137892502,True
Jamadagni,0.04940133857927997,True
Jayanta,0.0011960044350416232,True
Manthara,0.0017131788900685444,True
Tataka,0.0308465046511574,True
Manorama,0.0018841870901822471,True
Rahu,0.0010312874908679993,True
Kumbhakarna,0.0006411762454814314,True
Somadatta,0.0029732414830677375,True
Nandivardhana,0.0003652307360742843,True
Dhrishta,0.0011967908078534294,True
Bana,3.3083248964015184e-06,True
Vikukshi,1.2968827585837335e-07,True
Arishta,0.00015133949687817398,True
Bhadra,0.002788501778296702,True
Sachi,0.0003541478537720525,True
Vayu,0.00016601648849658753,True
Dhumraswa,0.0028416761409519667,True
Dushana,0.0034972277969975195,True
Virochana,0.0029415486427598046,True
Ahalya,0.04924251697720933,True
Trishanku,0.0763847057489046,True
Vimala,0.002486428509935223,True
Indrajit,0.0006304672709710158,True
Sudhruti,2.1217369196043102e-05,True
Kusanabha,0.011487495087169262,True
Bala,0.0048163596967504526,True
Hanuman,0.0357276359320441,True
Jrumbhaka,0.023149283843663118,True
Nandana,9.112529197649386e-05,True
Vishwakarma,0.001447336438743269,True
Samudra,0.001534560817692785,True
Aja,0.006945750694984264,True
Dundunabha,0.0020633528354156907,True
Pratindhaka,1.5775314729405126e-05,True
Bhriguprasravana,0.00028261293691960826,True
Surya,0.002171428114094037,True
Omkara,1.3946021073872208e-69,True
Mantrapala,0.001217034236829047,True
Agnivarna,7.951576106120402e-05,True
Anshuman,0.016564393791571534,True
Suchandra,0.004355056735841486,True
Viswamitra,0.46079188614133293,True
Siddhartha,0.001217034236829047,True
Dhruvasandhi,0.00047818510822308566,True
Vishala,0.027144258023183373,True
Vibhishana,0.0047955470756078,True
Raghu,0.09852871977511371,True
Sabala,0.028501963877970448,True
Virupaksha,0.0004410198305048801,True
Mainda,8.54572759533744e-05,True
Somada,0.0017385750671666943,True
Vali,0.02782349618462297,True
Pampa,0.008763892115586407,True
Sumitra,0.02343249893602695,True
Bindusara,0.000597811450481039,True
Lakshmana,0.30494620539567313,True
Bharata,0.10526758391787899,True
Mahishi,3.1523338931300285e-05,True
Visakhu,0.0034774970573778464,True
Drudhanetra,0.0010413743452388523,True
Santhana,0.032599825875695085,True
Vishama,0.0017706422726980814,True
Sunaka,3.8190805399783614e-05,True
Sanatkumara,0.0008409313643092048,True
Vritra,0.0016349042470384426,True
Nimi,0.0008277668228406186,True
Sushena,0.00016639902752865998,True
Maharshi,0.01004839242383518,True
Janaka,0.15863748446455797,True
Maru,0.0001962598177914266,True
Rama,0.6194943743682025,True
Sarchirmali,0.00287757541709177,True
Haryasva,3.0249666199896523e-05,True
Jharjha,0.0001576779477554212,True
Pushkara,0.00802941482831478,True
Jambu,0.001386296933372338,True
Palakali,3.1523338931300285e-05,True
Kara,0.01391418164667415,True
Kausalya,0.037123889851592214,True
Sumagadhi,9.544552270351818e-05,True
Daksha,0.00020953251966811335,True
Sita,0.19962623243008487,True
Tripura,0.0031753191699753743,True
Swarnaroma,5.4783123607519606e-05,True
Katyayana,0.002414886167653318,True
Sunda,0.003506488603133311,True
Vamadeva,0.00941791101368168,True
Airavata,0.0006978016540827401,True
Tara,0.0028859320747459554,True
Brihadratha,2.0491190388536236e-05,True
Upasunda,0.0015075780685079884,True
Sindhu,0.0014453287907402784,True
Kushaplavana,0.00024015707236490575,True
Viradha,0.009135576133639953,True
Samkhana,0.00011453449888279858,True
Kapila,0.001736841520663382,True
Prithu,0.00034421622694836337,True
Brahma,0.10065574875773066,True
Alambusa,0.0058620120195989455,True
Rabhasa,0.0004794016009899949,True
Nahusha,0.00020059137766594384,True
Jaya,9.38832406241242e-07,True
Nalini,0.0011135511172971424,True
Diti,0.04312173939718764,True
Suprabha,4.709903819624709e-07,True
Vinata,5.606353484294483e-05,True
Himavan,0.025483826753514453,True
Mandra,0.0014234744039194492,True
Kamaruchi,0.013754763933244747,True
Dasharatha,0.30261282889468494,True
Rohini,0.010104909118049838,True
Prasamana,0.002695170761132206,True
Yama,0.0009598905120646896,True
Kalpa,0.0001698314127015893,True
Agni,0.010536703471365717,True
Sarabha,0.00016601648849658753,True
Dhri,0.002387192719659536,True
Bhagiratha,0.033854043977100394,True
Shighraga,0.0001476755791218458,True
Suchakshu,0.0004585871078424475,True
Yogandhara,0.0026720174406265522,True
Sunabha,0.003771860098689931,True
Vasishta,0.19593973109918167,True
Sabari,0.009391578922144067,True
Rambha,0.013736665236634594,True
Jabali,0.00637459974123283,True
Guha,0.014890093019384956,True
Madhuchanda,0.002424575457964084,True
Paka,0.001000703642655271,True
Subahu,0.01458347901862314,True
Dvivida,8.587636373950331e-05,True
Ruchira,0.003395670873973205,True
Pravriddha,0.007944586145125271,True
Adhvaryu,0.00183973823416053,True
Avarana,0.023191132596603187,True
Garuda,0.004242732755276054,True
Satyavati,0.020787038585676872,True
Tamasa,0.0003580199403475546,True
Dilipa,0.005842855154638864,True
Kamadhenu,0.008688746888841668,True
Yuddhajit,0.005545336612267374,True
Valmiki,0.0236790509774005,True
Pratiharatara,0.0009174431985978848,True
Maricha,0.03610001622104646,True
Parjanya,0.00018769583557367894,True
Sarovara,0.000269343628214743,True
Ucchaisrava,0.00024717542888715705,True
Prasenajit,0.00024127611845551136,True
Yuvanashva,0.0003463033721651194,True
Vashatkara,1.3946021073872208e-69,True
Sanjaya,0.0014680019788296385,True
Dasaksha,0.0018241414140916603,True
Kirtiratha,1.2909336278305276e-06,True
Sarabhanga,0.012389628588281404,True
Vasumati,0.0014119483658667942,True
Varuna,0.03793051856332765,True
Havishyanda,0.0010413743452388523,True
Mahidhraka,2.9736503972676777e-05,True
Vibudha,1.4755023187352956e-05,True
Ruchika,0.00026068877243325855,True
Chitraratha,0.0014124284344832737,True
Kusa,0.017052194208295103,True
Mahavira,6.668896915872324e-06,True
Ganga,0.07301030440606487,True
Maharatha,0.0010413743452388523,True
Sahadeva,6.890009744041187e-05,True
Khara,0.005041304863666414,True
Bhaga,0.0016115548864403218,True
Romapada,0.009623527676424467,True
Kasyapa,0.02106308070930801,True
Mithi,0.0007239885631652647,True
Sumantra,0.024626074518134075,True
Bhrisasva,0.012317528991822231,True
Agastya,0.018288689980316093,True
Jahnu,0.0046588076198072845,True
Narada,0.010539915004551165,True
Sona,0.036917735035155726,True
Aditi,0.0064518638732393874,True
Vijaya,0.007603827991165438,True
Satodara,0.0019294056474465572,True
Lava,0.0093833306799722,True
Nala,0.0017951982537898325,True
Malada,0.002084944894532556,True
Maharoma,4.672110825134693e-05,True
Nila,0.0003799239500405625,True
Ravana,0.040717406266004445,True
Manu,0.007579262300574796,True
Haridradaitya,0.0024823664371856117,True
Parasurama,0.08097615630146668,True
Kalmashapada,5.515401006781345e-05,True
Makara,0.003807769418540692,True
Devarata,0.0028962526595685215,True
Sudarshana,3.930002893564409e-05,True
Roopa,0.013796332924418864,True
Dharma,0.00030158348409956855,True
Sarayu,0.009310567392015667,True
Trijata,0.000617867019959796,True
Prasusruka,0.00010931170732342325,True
Nairasya,0.002143495024962333,True
Devi,0.001316919855650571,True
Yayati,0.0007912124276559927,True
Nabhaga,0.0028457820075200252,True
Satyakirti,0.00042282514610451563,True
Punarvasu,0.0031433900615655546,True
Parivritti,3.152333893130029e-05,True
Shanta,0.0028185988803084094,True
Kirtirata,2.9960657342656403e-05,True
Sarvanabha,0.023149283843663118,True
Kusika,0.059783605961299745,True
Brahmadatta,0.005422838118668365,True
Dhana,0.01391418164667415,True
Kausiki,0.012851358123113154,True
Pushpaka,0.002765431451320991,True
Susandhi,0.00024216009411089277,True
Sagara,0.025004014237578268,True
Anasuya,0.003713344971322104,True
Kusadhwaja,0.015009069210970352,True
Sudhanva,0.0052838631698419545,True
Marichi,0.0011599100015726332,True
Pavani,0.0014388875770707413,True
Gokarna,0.00015153370948135615,True
Sutikshna,0.008694062565100767,True
Shiva,0.04681013936926681,True
Indra,0.10900211877036127,True
Trishira,0.005021768464273786,True
Kaikeyi,0.037218179967803126,True
Asamanja,0.0006734016434247654,True
Suketu,0.000826857064633697,True
Anjana,0.0006978016540827401,True
Sampati,0.0012863537651670903,True
Krusana,0.0021125800533060755,True
Srutakirti,0.009742091164376415,True
Urmila,0.01606969787591274,True
Mriga,0.0014173164621943577,True
Talajangha,0.0002375923650917089,True
Mainaka,0.00032677957527024314,True
Vrtimanta,0.002713338040097876,True
Sugriva,0.06624465887919768,True
Mandhata,0.0005212989572593701,True
Bharadwaja,0.007351063260356227,True
Avanmukha,0.0016806418329623402,True
Vasu,0.005730509268774403,True
Madhu,0.0037534906823892076,True
Manasa,0.000269343628214743,True
Vibhandaka,0.00011581401061016964,True
Vavaata,3.152333893130029e-05,True
Mohini,0.00010183653679915971,True
Satyavan,0.00036464928922711154,True
Kama,0.0284217278326788,True
Chandala,0.008356722887119895,True
Parvati,0.009913273018517207,True
Vajra,0.002700120968375802,True
Makha,0.0006772596293130427,True
Jatayu,0.02089456677550197,True
Sumati,0.008038802454089338,True
Shatrughna,0.040498931701011695,True
Richika,0.008532469046561573,True
Mahodaya,0.00434455115760915,True
Drudhanabha,0.001803226228958489,True
Pitrusaumanasa,0.003337495017095801,True
Kabandha,0.02194890239633795,True
Devamidha,4.466482312347166e-07,True
Hladini,0.0012775512050803627,True
Varuni,0.0059484857600954726,True
Vishnu,0.04550290388103752,True
Vasudeva,0.0004621761163201979,True
Mahanabha,0.0020474255276230094,True
Rajarshi,0.006470241017365745,True
Satavaktra,0.0018440327375833603,True
Drishtaketu,2.983564721814704e-05,True
Sunahsepha,0.017159517166883347,True
Udavasu,0.0007304196073954837,True
Bhrigu,0.009145104898407617,True
Dhanya,0.013875831888469222,True
Hrasvaroma,0.0018770214470287467,True
Suyajna,0.0023043323937058085,True
