Source,Target,Weight
Kalamahi,Yamuna,4
Kalamahi,Saraswati,4
Kalamahi,Sindhu,4
Kalamahi,Sona,4
Kalamahi,Mahim,4
Hema,Indra,1
Hema,Maya,1
Hema,Brahma,1
Hema,Svayamprabha,3
Hema,Manu,2
Durmukha,Hanuman,1
Dhumra,Maireya,8
Gavaya,Gaja,20
Gavaya,Sarabha,39
Gavaya,Mainda,19
Gavaya,Dvivida,19
Gavaya,Hanuman,14
Gavaya,Jambavan,15
Gavaya,Nala,10
Gavaya,Sugriva,6
Gavaya,Lakshmana,4
Gavaya,Angada,9
Gavaya,Gavaksha,17
Gavaya,Vidyunmali,4
Gavaya,Sampati,4
Gavaya,Suryaksha,4
Gavaya,Veerabahu,4
Gavaya,Subahu,4
Gavaya,Kumuda,4
Gavaya,Sushena,33
Gavaya,Darimukha,1
Gavaya,Brahma,4
Gavaya,Suhotra,4
Gavaya,Sarari,4
Gavaya,Saragulma,4
Gavaya,Vrishabam,4
Gavaya,Vijaya,4
Gavaya,Tara,3
Shukra,Brahma,1
Shukra,Maya,4
Shukra,Angada,5
Shukra,Tara,3
Shukra,Indra,3
Shukra,Hanuman,2
Raghu,Lakshmana,2
Raghu,Sita,1
Raghu,Rama,12
Raghu,Sugriva,5
Raghu,Hanuman,4
Raghu,Jatayu,3
Kuru,Sugriva,1
Sunetra,Sushena,4
Sunetra,Lakshmana,7
Sunetra,Tara,8
Sunetra,Jambavan,4
Sunetra,Dadhimukha,4
Sunetra,Nila,4
Sunetra,Supatala,4
Mainda,Gaja,20
Mainda,Sarabha,15
Mainda,Dvivida,44
Mainda,Hanuman,14
Mainda,Jambavan,15
Mainda,Nala,10
Mainda,Sugriva,8
Mainda,Lakshmana,4
Mainda,Angada,13
Mainda,Gavaksha,13
Mainda,Vidyunmali,4
Mainda,Sampati,4
Mainda,Suryaksha,4
Mainda,Veerabahu,4
Mainda,Subahu,4
Mainda,Kumuda,4
Mainda,Darimukha,1
Mainda,Brahma,4
Mainda,Suhotra,4
Mainda,Sarari,4
Mainda,Saragulma,4
Mainda,Sushena,9
Mainda,Vrishabam,4
Mainda,Vijaya,4
Mainda,Tara,3
Vali,Sugriva,379
Vali,Rama,226
Vali,Lakshmana,29
Vali,Hanuman,11
Vali,Sita,15
Vali,Ravana,12
Vali,Indra,48
Vali,Dundubhi,36
Vali,Mayavi,6
Vali,Ruma,8
Vali,Namuchi,3
Vali,Himavan,5
Vali,Tara,184
Vali,Dasharatha,11
Vali,Matanga,12
Vali,Sala,4
Vali,Angada,87
Vali,Khara,1
Vali,Yayati,4
Vali,Yama,1
Vali,Sweta,1
Vali,Aswatari,1
Vali,Hayagriva,2
Vali,Madhu,1
Vali,Kaitabha,1
Vali,Bharata,2
Vali,Garuda,1
Vali,Rahu,1
Vali,Golabha,7
Vali,Nila,3
Vali,Ikshvaku,1
Vali,Tvashta,1
Vali,Dharma,9
Vali,Sumitra,1
Vali,Malyavan,1
Vali,Brihaspati,3
Vali,Sona,1
Vali,Jatayu,2
Vali,Jambavan,3
Vali,Vishnu,2
Bheda,Hanuman,4
Bheda,Sama,4
Bheda,Dana,4
Bheda,Danda,4
Bheda,Nila,2
Bheda,Suhotra,2
Bheda,Sugriva,2
Hayagriva,Sita,3
Hayagriva,Sweta,2
Hayagriva,Aswatari,2
Hayagriva,Vishnu,3
Hayagriva,Madhu,2
Hayagriva,Kaitabha,2
Hayagriva,Vishwakarma,1
Hayagriva,Panchajana,1
Hayagriva,Ravana,1
Gramani,Sailusha,2
Gramani,Sigru,2
Gramani,Subhra,2
Gramani,Babhru,2
Pampa,Rama,13
Pampa,Lakshmana,13
Pampa,Sita,2
Pampa,Karnikara,1
Pampa,Ganga,1
Pampa,Hanuman,1
Sumitra,Sugriva,1
Sumitra,Lakshmana,5
Sumitra,Rama,1
Sumitra,Tara,2
Vaidurya,Rama,1
Vaidurya,Lakshmana,1
Vaidurya,Vajra,2
Ghritachi,Viswamitra,2
Ghritachi,Lakshmana,1
Kumuda,Dvivida,4
Kumuda,Gavaksha,4
Kumuda,Gaja,4
Kumuda,Sarabha,6
Kumuda,Vidyunmali,4
Kumuda,Sampati,4
Kumuda,Suryaksha,4
Kumuda,Hanuman,4
Kumuda,Veerabahu,4
Kumuda,Subahu,4
Kumuda,Nala,4
Kumuda,Sushena,4
Kumuda,Lakshmana,4
Kumuda,Tara,4
Kumuda,Jambavan,4
Kumuda,Dadhimukha,5
Kumuda,Nila,4
Kumuda,Supatala,4
Kumuda,Sugriva,2
Sailusha,Sigru,2
Sailusha,Subhra,2
Sailusha,Babhru,2
Garuda,Rama,3
Garuda,Sugriva,2
Garuda,Tara,1
Garuda,Vishwakarma,1
Garuda,Marichi,4
Garuda,Indra,4
Garuda,Maricha,4
Garuda,Ravana,1
Garuda,Sita,2
Garuda,Arishta,1
Garuda,Kasyapa,2
Garuda,Vinata,2
Garuda,Vishnu,1
Garuda,Hanuman,6
Garuda,Vayu,3
Asvavanti,Varada,3
Asvavanti,Mahabhaga,3
Asvavanti,Mekhala,3
Asvavanti,Sita,3
Asvavanti,Rishika,1
Lakshmana,Rama,287
Lakshmana,Sita,38
Lakshmana,Indra,8
Lakshmana,Kausalya,1
Lakshmana,Dasharatha,15
Lakshmana,Bharata,2
Lakshmana,Janaka,1
Lakshmana,Ravana,11
Lakshmana,Diti,1
Lakshmana,Sugriva,231
Lakshmana,Hanuman,25
Lakshmana,Ikshvaku,5
Lakshmana,Sala,1
Lakshmana,Dundubhi,3
Lakshmana,Matanga,1
Lakshmana,Gajapushpi,2
Lakshmana,Nala,5
Lakshmana,Nila,8
Lakshmana,Tara,48
Lakshmana,Saptajana,1
Lakshmana,Angada,29
Lakshmana,Prasravana,4
Lakshmana,Malyavan,1
Lakshmana,Sama,1
Lakshmana,Brihaspati,2
Lakshmana,Dvivida,4
Lakshmana,Gavaksha,4
Lakshmana,Gaja,8
Lakshmana,Sarabha,8
Lakshmana,Vidyunmali,8
Lakshmana,Sampati,8
Lakshmana,Suryaksha,8
Lakshmana,Veerabahu,4
Lakshmana,Subahu,4
Lakshmana,Sushena,4
Lakshmana,Jambavan,4
Lakshmana,Dadhimukha,4
Lakshmana,Supatala,7
Lakshmana,Dharma,4
Lakshmana,Yama,8
Lakshmana,Kalpa,1
Lakshmana,Ruma,2
Lakshmana,Viswamitra,2
Lakshmana,Vinata,2
Lakshmana,Varuna,2
Lakshmana,Kaikeyi,1
Lakshmana,Suparshva,1
Lakshmana,Arishta,1
Lakshmana,Kasyapa,1
Bharata,Sita,1
Bharata,Rama,8
Bharata,Dasharatha,1
Bharata,Janaka,1
Bharata,Ikshvaku,1
Bharata,Sugriva,1
Bharata,Angada,1
Bharata,Tara,1
Bharata,Sama,1
Kausiki,Sita,4
Kausiki,Sarayu,4
Kausiki,Kalindi,4
Kausiki,Yamuna,4
Kausiki,Saraswati,4
Kausiki,Sindhu,4
Prahlada,Sugriva,1
Prahlada,Rama,1
Prahlada,Anuhlada,1
Prahlada,Hiranyakasipu,1
Prahlada,Sachi,2
Prahlada,Puloma,1
Prahlada,Indra,1
Prahlada,Sita,1
Suhotra,Sugriva,8
Suhotra,Nila,9
Suhotra,Hanuman,9
Suhotra,Jambavan,9
Suhotra,Brahma,4
Suhotra,Sarari,4
Suhotra,Saragulma,4
Suhotra,Gaja,4
Suhotra,Gavaksha,4
Suhotra,Sushena,4
Suhotra,Vrishabam,4
Suhotra,Dvivida,4
Suhotra,Vijaya,4
Suhotra,Angada,8
Suhotra,Sama,2
Suhotra,Dana,2
Maharuna,Maireya,8
Meghavan,Indra,3
Vritra,Sugriva,3
Vritra,Indra,3
Vritra,Jatayu,1
Satabali,Tara,1
Satabali,Sugriva,4
Satabali,Rama,1
Satabali,Sita,2
Satabali,Vinata,1
Satabali,Vinita,1
Sushena,Angada,11
Sushena,Tara,15
Sushena,Gavaksha,13
Sushena,Gaja,14
Sushena,Sarabha,9
Sushena,Vidyunmali,4
Sushena,Sampati,4
Sushena,Suryaksha,4
Sushena,Hanuman,12
Sushena,Veerabahu,4
Sushena,Subahu,4
Sushena,Nala,4
Sushena,Jambavan,13
Sushena,Dadhimukha,4
Sushena,Nila,4
Sushena,Supatala,4
Sushena,Brahma,4
Sushena,Sarari,4
Sushena,Saragulma,4
Sushena,Vrishabam,4
Sushena,Dvivida,21
Sushena,Vijaya,4
Sushena,Sugriva,6
Sushena,Sita,2
Sushena,Agastya,1
Sushena,Varuna,1
Sushena,Rama,1
Sushena,Prasravana,1
Ananta,Jatarupasila,1
Marichi,Sugriva,2
Marichi,Archisman,2
Marichi,Indra,2
Shiva,Himavan,5
Janaka,Rama,14
Janaka,Sita,12
Janaka,Jatayu,4
Janaka,Sachi,2
Janaka,Puloma,1
Janaka,Indra,2
Janaka,Ravana,7
Janaka,Hanuman,11
Janaka,Sugriva,1
Janaka,Dasharatha,2
Janaka,Abhijit,2
Brihaspati,Sugriva,3
Brihaspati,Angada,3
Indra,Rama,41
Indra,Sita,8
Indra,Sugriva,40
Indra,Dundubhi,6
Indra,Namuchi,1
Indra,Dasharatha,4
Indra,Varuna,3
Indra,Tara,6
Indra,Tvashta,1
Indra,Nandana,7
Indra,Hanuman,12
Indra,Vishnu,1
Indra,Ruma,1
Indra,Himavan,8
Indra,Hiranyakasipu,1
Indra,Sachi,3
Indra,Puloma,1
Indra,Ravana,5
Indra,Archisman,2
Indra,Somagiri,1
Indra,Brahma,2
Indra,Maya,1
Indra,Angada,6
Indra,Jatayu,1
Indra,Sampati,3
Maricha,Archisman,2
Rama,Sita,240
Rama,Kama,5
Rama,Ganga,2
Rama,Kausalya,3
Rama,Dasharatha,56
Rama,Ravana,48
Rama,Sugriva,678
Rama,Hanuman,79
Rama,Brahma,5
Rama,Diti,1
Rama,Danu,1
Rama,Ikshvaku,9
Rama,Jatayu,19
Rama,Vishnu,3
Rama,Madhu,1
Rama,Kaitabha,1
Rama,Kartikeya,2
Rama,Ruma,4
Rama,Sala,2
Rama,Dundubhi,2
Rama,Varuna,9
Rama,Matanga,1
Rama,Gajapushpi,1
Rama,Nala,1
Rama,Nila,1
Rama,Tara,45
Rama,Saptajana,2
Rama,Angada,37
Rama,Khara,1
Rama,Yama,2
Rama,Sramana,1
Rama,Mandhata,1
Rama,Prasravana,11
Rama,Malyavan,2
Rama,Sarayu,1
Rama,Rohini,2
Rama,Anuhlada,1
Rama,Hiranyakasipu,1
Rama,Sachi,3
Rama,Puloma,1
Rama,Vinata,2
Rama,Himavan,1
Rama,Kala,1
Rama,Svayamprabha,1
Rama,Kaikeyi,5
Rama,Sampati,1
Rama,Jambavan,1
Rama,Arishta,1
Rama,Kasyapa,1
Puloma,Anuhlada,1
Puloma,Hiranyakasipu,1
Puloma,Sachi,2
Puloma,Sita,1
Puloma,Ravana,1
Aswatari,Sita,1
Aswatari,Sweta,1
Aswatari,Vishnu,1
Aswatari,Madhu,1
Aswatari,Kaitabha,1
Kubera,Vishwakarma,1
Kubera,Vishrava,1
Kubera,Ravana,1
Gajapushpi,Sugriva,2
Mayavi,Dundubhi,1
Chandrachitra,Sita,2
Chandrachitra,Kukshi,2
Kaikeyi,Sita,1
Sigru,Subhra,2
Sigru,Babhru,2
Sampati,Angada,11
Sampati,Dvivida,4
Sampati,Gavaksha,4
Sampati,Gaja,4
Sampati,Sarabha,4
Sampati,Vidyunmali,4
Sampati,Suryaksha,4
Sampati,Hanuman,4
Sampati,Veerabahu,4
Sampati,Subahu,4
Sampati,Nala,4
Sampati,Jatayu,56
Sampati,Dasharatha,2
Sampati,Sita,4
Dundubhi,Himavan,9
Dundubhi,Sala,1
Dundubhi,Sugriva,2
Malyavan,Sugriva,1
Kesari,Ruma,1
Kesari,Sugriva,1
Kesari,Hanuman,6
Kesari,Gavaksha,1
Kesari,Vayu,3
Sramana,Mandhata,1
Rumanvan,Sugriva,1
Vishrava,Sita,1
Vishrava,Ravana,1
Darimukha,Sugriva,1
Mainaka,Sita,2
Mainaka,Maya,2
Ikshvaku,Dasharatha,6
Ikshvaku,Sugriva,3
Karnikara,Sita,1
Mahabhaga,Varada,3
Mahabhaga,Mekhala,3
Varuna,Sugriva,3
Varuna,Vishnu,2
Varuna,Vishwakarma,1
Varuna,Dasharatha,2
Varuna,Sita,1
Sita,Kama,1
Sita,Ravana,61
Sita,Diti,2
Sita,Dasharatha,11
Sita,Sugriva,57
Sita,Danu,1
Sita,Hanuman,13
Sita,Jatayu,12
Sita,Sweta,1
Sita,Vishnu,2
Sita,Prasravana,4
Sita,Viswamitra,2
Sita,Ruma,1
Sita,Tara,1
Sita,Rohini,2
Sita,Sachi,2
Sita,Vinata,1
Sita,Sarayu,4
Sita,Kalindi,4
Sita,Saravati,3
Sita,Himavan,3
Sita,Sona,1
Sita,Mekhala,3
Sita,Rishika,2
Sita,Mashaka,2
Sita,Ayomukha,2
Sita,Suryavan,1
Sita,Panchajana,1
Sita,Naraka,1
Sita,Kilasa,1
Sita,Vinita,2
Sita,Angada,3
Sita,Yama,4
Sita,Agastya,2
Sita,Kunjara,2
Sita,Vayu,1
Sugriva,Hanuman,115
Sugriva,Danu,2
Sugriva,Jatayu,4
Sugriva,Ravana,18
Sugriva,Sala,2
Sugriva,Matanga,3
Sugriva,Nala,7
Sugriva,Tara,82
Sugriva,Vishnu,2
Sugriva,Madhu,1
Sugriva,Kaitabha,1
Sugriva,Ruma,18
Sugriva,Angada,96
Sugriva,Rahu,2
Sugriva,Tvashta,2
Sugriva,Shravana,1
Sugriva,Gaja,8
Sugriva,Sarabha,8
Sugriva,Dvivida,8
Sugriva,Jambavan,16
Sugriva,Prasravana,11
Sugriva,Sarayu,1
Sugriva,Nandana,7
Sugriva,Nila,13
Sugriva,Dasharatha,7
Sugriva,Dharma,4
Sugriva,Yama,2
Sugriva,Kalpa,2
Sugriva,Viswamitra,2
Sugriva,Rohini,1
Sugriva,Anuhlada,3
Sugriva,Hiranyakasipu,1
Sugriva,Dadhimukha,1
Sugriva,Vinata,1
Sugriva,Brahma,4
Sugriva,Sarari,4
Sugriva,Archisman,2
Sugriva,Somagiri,1
Sugriva,Vinita,1
Sugriva,Sama,2
Sugriva,Dana,2
Sugriva,Danda,2
Gavaksha,Angada,9
Gavaksha,Dvivida,13
Gavaksha,Gaja,17
Gavaksha,Sarabha,9
Gavaksha,Vidyunmali,4
Gavaksha,Suryaksha,4
Gavaksha,Hanuman,8
Gavaksha,Veerabahu,4
Gavaksha,Subahu,4
Gavaksha,Nala,4
Gavaksha,Jambavan,9
Gavaksha,Brahma,4
Gavaksha,Sarari,4
Gavaksha,Saragulma,4
Gavaksha,Vrishabam,4
Gavaksha,Vijaya,4
Gavaksha,Tara,3
Kalindi,Sarayu,4
Kalindi,Yamuna,4
Kalindi,Saraswati,4
Kalindi,Sindhu,4
Kalindi,Sona,4
Hemagiri,Sindhu,1
Kunjara,Agastya,1
Jambavan,Gaja,18
Jambavan,Sarabha,11
Jambavan,Dvivida,15
Jambavan,Hanuman,23
Jambavan,Nala,10
Jambavan,Subahu,4
Jambavan,Tara,11
Jambavan,Dadhimukha,4
Jambavan,Nila,13
Jambavan,Supatala,4
Jambavan,Brahma,4
Jambavan,Sarari,4
Jambavan,Saragulma,4
Jambavan,Vrishabam,4
Jambavan,Vijaya,4
Jambavan,Angada,24
Jambavan,Sama,2
Jambavan,Dana,2
Jambavan,Vishnu,12
Samhbu,Vishnu,1
Samhbu,Brahma,1
Gaja,Sarabha,15
Gaja,Dvivida,21
Gaja,Hanuman,14
Gaja,Nala,10
Gaja,Angada,9
Gaja,Vidyunmali,4
Gaja,Suryaksha,4
Gaja,Veerabahu,4
Gaja,Subahu,4
Gaja,Nila,4
Gaja,Brahma,4
Gaja,Sarari,4
Gaja,Saragulma,4
Gaja,Vrishabam,4
Gaja,Vijaya,4
Gaja,Tara,3
Madhu,Vishnu,2
Madhu,Kaitabha,2
Madhu,Sweta,1
Manasa,Kama,1
Rishika,Mashaka,2
Rishika,Viswamitra,2
Devasakha,Sudarshana,1
Devasakha,Ravana,1
Panchajana,Vishwakarma,1
Panchajana,Vishnu,1
Panchajana,Ravana,1
Kala,Chandra,1
Saragulma,Nila,4
Saragulma,Hanuman,4
Saragulma,Brahma,4
Saragulma,Sarari,4
Saragulma,Vrishabam,4
Saragulma,Dvivida,4
Saragulma,Vijaya,4
Tara,Hanuman,24
Tara,Nala,5
Tara,Nila,10
Tara,Angada,50
Tara,Yama,2
Tara,Veerabahu,4
Tara,Subahu,4
Tara,Dadhimukha,8
Tara,Supatala,8
Tara,Dharma,5
Tara,Ruma,5
Tara,Ravana,1
Tara,Agastya,2
Tara,Vinata,1
Tara,Sarabha,3
Tara,Dvivida,3
Tara,Sona,1
Sindhu,Yamuna,4
Sindhu,Saraswati,4
Sindhu,Sona,4
Sindhu,Mahim,4
Yamuna,Sarayu,4
Yamuna,Saraswati,4
Yamuna,Sona,4
Yamuna,Mahim,4
Danu,Diti,1
Dana,Hanuman,3
Dana,Sama,3
Dana,Danda,3
Dana,Nila,2
Sama,Hanuman,5
Sama,Danda,3
Sama,Nila,2
Kaitabha,Vishnu,2
Brahma,Nila,4
Brahma,Hanuman,4
Brahma,Sarari,4
Brahma,Vrishabam,4
Brahma,Dvivida,4
Brahma,Vijaya,4
Brahma,Somagiri,1
Brahma,Vishnu,1
Brahma,Maya,1
Brahma,Svayamprabha,1
Naraka,Ravana,1
Prabhava,Angada,2
Sarari,Nila,4
Sarari,Hanuman,4
Sarari,Vrishabam,4
Sarari,Dvivida,4
Sarari,Vijaya,4
Kasyapa,Arishta,1
Kasyapa,Vinata,1
Mashaka,Viswamitra,2
Arishta,Vinata,1
Diti,Ravana,3
Vinata,Hanuman,3
Vinata,Angada,1
Vinata,Agastya,1
Jatayu,Dasharatha,8
Jatayu,Ravana,11
Jatayu,Angada,3
Sachi,Anuhlada,2
Sachi,Hiranyakasipu,2
Danda,Hanuman,3
Danda,Angada,1
Agastya,Vishwakarma,2
Agastya,Hanuman,3
Agastya,Angada,4
Agastya,Yama,2
Vayu,Hanuman,9
Sona,Saraswati,4
Sona,Mahim,4
Sona,Ravana,1
Sona,Hanuman,2
Sona,Angada,1
Vijaya,Vrishabam,4
Vijaya,Dvivida,4
Vijaya,Angada,4
Mekhala,Varada,3
Sweta,Vishnu,1
Anuhlada,Hiranyakasipu,1
Himavan,Saravati,4
Himavan,Yama,1
Vidyunmali,Angada,4
Vidyunmali,Dvivida,4
Vidyunmali,Sarabha,4
Vidyunmali,Suryaksha,4
Vidyunmali,Hanuman,4
Vidyunmali,Veerabahu,4
Vidyunmali,Subahu,4
Vidyunmali,Nala,4
Dasharatha,Hanuman,3
Dasharatha,Angada,2
Dasharatha,Svayamprabha,1
Dasharatha,Ravana,1
Vinita,Prasravana,1
Nala,Hanuman,11
Nala,Nila,5
Nala,Sarabha,10
Nala,Dvivida,10
Nala,Angada,4
Nala,Suryaksha,4
Nala,Veerabahu,4
Nala,Subahu,4
Nala,Dadhimukha,4
Nala,Supatala,4
Vishnupada,Vishnu,3
Jata,Murachi,3
Kilasa,Ravana,1
Nila,Hanuman,11
Nila,Dadhimukha,4
Nila,Supatala,4
Nila,Angada,8
Dadhimukha,Supatala,4
Dadhimukha,Sarabha,1
Yama,Angada,4
Yama,Hanuman,2
Ravana,Ruma,1
Ravana,Angada,3
Manu,Svayamprabha,1
Indrajit,Rambha,1
Sarabha,Dvivida,15
Sarabha,Hanuman,10
Sarabha,Angada,9
Sarabha,Suryaksha,4
Sarabha,Veerabahu,4
Sarabha,Subahu,4
Vishnu,Vishwakarma,1
Vishnu,Hanuman,6
Veerabahu,Angada,4
Veerabahu,Dvivida,4
Veerabahu,Suryaksha,4
Veerabahu,Hanuman,4
Veerabahu,Subahu,4
Babhru,Subhra,2
Ruma,Angada,7
Hanuman,Matanga,2
Hanuman,Angada,40
Hanuman,Dvivida,10
Hanuman,Nandana,7
Hanuman,Suryaksha,4
Hanuman,Subahu,4
Hanuman,Vrishabam,4
Hanuman,Svayamprabha,2
Vishwakarma,Maya,2
Mahim,Saraswati,4
Sarayu,Saraswati,4
Angada,Dvivida,13
Angada,Suryaksha,4
Angada,Subahu,4
Angada,Vrishabam,4
Suryaksha,Dvivida,4
Suryaksha,Subahu,4
Subahu,Dvivida,4
Dvivida,Vrishabam,4
