Id,Eigenvector_Centrality,Active_In_Kanda
Kalamahi,3.765559101646458e-06,True
Hema,6.589195019967046e-05,True
Durmukha,0.00011192341262445466,True
Dhumra,1.2933972340141622e-30,True
Gavaya,0.008971751670359284,True
Shukra,0.0013516682321393983,True
Raghu,0.010054762821052537,True
Kuru,0.0005288749386662288,True
Sunetra,0.0031613880052563125,True
Mainda,0.010193174573856949,True
Vali,0.36808021452976425,True
Bheda,0.0015613202526873768,True
Hayagriva,0.0012030252976116963,True
Gramani,1.391736108299716e-32,True
Pampa,0.010692829729530397,True
Sumitra,0.0030046071801614724,True
Vaidurya,0.00078948154234274,True
Ghritachi,0.00027473537702281105,True
Kumuda,0.0036287502202085723,True
Sailusha,1.391736108299716e-32,True
Garuda,0.0043668272031200436,True
Asvavanti,0.0004764687611048593,True
Lakshmana,0.30165332066409845,True
Bharata,0.006339254956935406,True
Kausiki,0.0006416915463123892,True
Prahlada,0.0012713531359410469,True
Suhotra,0.006624429363203288,True
Maharuna,1.2933972340141622e-30,True
Meghavan,0.00017589949984126802,True
Vritra,0.001777024671013855,True
Satabali,0.003088675745282312,True
Sushena,0.010963051497446407,True
Ananta,2.2149768342524127e-42,True
Marichi,0.0011928422247660237,True
Shiva,1.4603694981472403e-05,True
Janaka,0.011776477988719523,True
Brihaspati,0.0034471066730656533,True
Indra,0.06519682542887266,True
Abhijit,2.1182535576058564e-05,True
Maricha,1.78260142060541e-05,True
Rama,0.5762431351761383,True
Puloma,0.0008003092184667659,True
Aswatari,0.0004985208426897815,True
Kubera,4.7017248174685074e-05,True
Gajapushpi,0.0021185136952342953,True
Mayavi,0.0019997620885409124,True
Chandrachitra,0.0003165887173999956,True
Kaikeyi,0.003020549470302893,True
Sigru,1.391736108299716e-32,True
Sampati,0.006350976973051145,True
Dundubhi,0.015207718000009994,True
Malyavan,0.0021675622754233318,True
Kesari,0.001222414922868576,True
Sramana,0.0005186606451316566,True
Rumanvan,0.0005288749386662288,True
Kausalya,0.0018258673060463269,True
Vishrava,0.00020515230815319296,True
Darimukha,0.0005461098942142128,True
Mainaka,0.00031671221422554423,True
Ikshvaku,0.008176728040418482,True
Karnikara,0.0001679106392257977,True
Mahabhaga,2.5769622850066784e-06,True
Varuna,0.00722294722693259,True
Sita,0.17600616804999794,True
Sugriva,0.58804635854869,True
Mandhata,0.0005186606451316566,True
Gavaksha,0.0044395405187157,True
Kukshi,5.693841324191804e-07,True
Kalindi,0.0006452967159020641,True
Hemagiri,7.535191913323492e-09,True
Kunjara,0.0003178282521546147,True
Jambavan,0.019003141845426435,True
Kartikeya,0.0010363883176763267,True
Samhbu,9.172648424897826e-06,True
Suparshva,0.00027128482953183705,True
Gaja,0.010805897329737519,True
Madhu,0.0013918428046447325,True
Manasa,2.4726817476124883e-06,True
Rishika,0.00032104333284692447,True
Devasakha,4.681621688966511e-05,True
Panchajana,0.00021030728325665459,True
Kala,0.0005181945779196839,True
Saragulma,0.0008287185776177897,True
Tara,0.1501687649568992,True
Golabha,0.0023170993268425764,True
Ganga,0.0010460051103218855,True
Sindhu,8.378271565948951e-06,True
Yamuna,1.4417688311809057e-05,True
Saptajana,0.001307673147208164,True
Shravana,0.0005288749386662288,True
Rahu,0.0013887640668813971,True
Danu,0.0017353603181293256,True
Dana,0.001480720809136679,True
Kama,0.002749266864208288,True
Sama,0.001980206198151706,True
Kaitabha,0.0013913964033244104,True
Brahma,0.005641825303735907,True
Naraka,0.00020511002560562487,True
Khara,0.0008492083483871029,True
Prabhava,0.00021657975290431626,True
Sarari,0.002936636308908868,True
Kasyapa,0.0008006207238523427,True
Vajra,1.4200757421291127e-06,True
Mashaka,0.0003206156379050709,True
Suryavan,0.00015829384658023882,True
Arishta,0.0007966970388720612,True
Diti,0.001248075803182685,True
Vinata,0.0028585458610733143,True
Jatayu,0.016123115986856378,True
Sachi,0.0020777781519912795,True
Danda,0.001516763136059623,True
Jatarupasila,2.2149768342524127e-42,True
Agastya,0.0013794475799199612,True
Vayu,0.001180684132004436,True
Sona,0.0010057928907831809,True
Maireya,1.873640560115474e-30,True
Vijaya,0.0007623089078763522,True
Mekhala,0.00047618083936976096,True
Sweta,0.0004972706484054605,True
Anuhlada,0.0021114205917503073,True
Himavan,0.0032476611414645013,True
Vidyunmali,0.003386583818837433,True
Dasharatha,0.04321848831732586,True
Vinita,0.0008601531257156754,True
Nala,0.00876017705042122,True
Vishnupada,1.229635182010266e-05,True
Jata,7.258036090478306e-38,True
Hiranyakasipu,0.001113201507018928,True
Rohini,0.0018818509495030333,True
Murachi,7.258036090478306e-38,True
Kilasa,0.00020511002560562487,True
Nila,0.014487723371704472,True
Dadhimukha,0.0029341491478664847,True
Yama,0.006161114340624442,True
Ravana,0.052056543036086776,True
Supatala,0.00320579343920478,True
Manu,8.255720995765997e-07,True
Indrajit,2.2149768342524127e-42,True
Kalpa,0.0013290347068642945,True
Sarabha,0.010113106471173153,True
Vishnu,0.004557582054313758,True
Veerabahu,0.002843597221457559,True
Babhru,1.391736108299716e-32,True
Ruma,0.01648132970817211,True
Hanuman,0.12445539650675451,True
Nandana,0.004896020625331077,True
Archisman,0.0011771935789139487,True
Vishwakarma,1.84409068426496e-05,True
Sala,0.003703156733983655,True
Tvashta,0.001447397233495153,True
Sudarshana,4.210173889503236e-08,True
Prasravana,0.013246707375950897,True
Dharma,0.006855016142355107,True
Namuchi,0.0010516757352605744,True
Rambha,2.2149768342524127e-42,True
Chandra,4.6606721197272574e-07,True
Subhra,1.391736108299716e-32,True
Mahim,3.765559101646458e-06,True
Sarayu,0.0016849775191508565,True
Angada,0.12041522422361545,True
Suryaksha,0.003386583818837433,True
Matanga,0.00657212090420487,True
Subahu,0.002911709706015006,True
Dvivida,0.009885203611322517,True
Saravati,0.00048656449572589435,True
Varada,2.576962285006678e-06,True
Vrishabam,0.001208397814212394,True
Somagiri,0.0005925819697648484,True
Svayamprabha,0.0007861627169791506,True
Viswamitra,0.0019185553991332431,True
Saraswati,1.4417688311809057e-05,True
Ayomukha,0.00031658769316047765,True
Yayati,0.0013240567581957578,True
Maya,6.923144876378349e-05,True
