Id,Eigenvector_Centrality,Active_In_Kanda
Karala,0.0006760071057666746,True
Simsupa,0.015146408807872056,True
Punarvasu,3.815186855482592e-06,True
Smriti,0.0008259171894148896,True
Ghana,0.0009346040197146787,True
Durmukha,0.0002217130226383285,True
Vibhishana,0.00611124448714604,True
Surpanakha,6.864819236865081e-07,True
Raghu,0.004735451920449268,True
Virupaksha,0.0014955482906636934,True
Pulastya,0.00044818657062681907,True
Matta,0.0006822217081374252,True
Plaha,0.0004461013154713058,True
Mainda,8.45866131376548e-05,True
Vali,0.014020799748740051,True
Vaswokasara,0.0014599371671836303,True
Vajrakaya,0.0003092788268947048,True
Sumali,0.0003201156700287159,True
Sumitra,0.004879419477513094,True
Kumuda,0.00023591281555819784,True
Garuda,0.012576151910540167,True
Vishvavasu,5.722780283223888e-06,True
Lakshmana,0.11366452412196457,True
Rati,0.0012388757841223343,True
Bharata,0.00612754999651132,True
Shuktiman,0.0009128859575407085,True
Pushpaka,0.004178389214936527,True
Aruna,0.0006386887243835888,True
Sagara,0.0015162665547357658,True
Vakra,0.0009444810327048453,True
Mandodari,0.0011612528140622716,True
Harijata,0.0002217130226383285,True
Chyavana,0.00013058907984545787,True
Yagnasatru,3.090460626310233e-05,True
Vritra,0.00044422576841109845,True
Srimati,2.303926055040009e-05,True
Sushena,7.763317893086369e-05,True
Hiranmaya,2.9052208979582847e-07,True
Narantaka,2.9704213365666127e-05,True
Valmiki,0.0008259171894148896,True
Gokarna,0.00029494088295890173,True
Suka,0.00030449594101916423,True
Shiva,0.007483088168354006,True
Janaka,0.03241061619360787,True
Tala,0.0003010641339586049,True
Hrasvakarna,2.707299329168036e-05,True
Yuddhonmatta,0.000678494113844148,True
Ekajata,0.000443426045276657,True
Brihaspati,0.0014375489904570398,True
Surasa,0.014213855864138147,True
Indra,0.055079166727014336,True
Damayanti,0.00042098442115802095,True
Maricha,0.00045691200686953084,True
Rama,0.5092030464422113,True
Puloma,0.0014556918981480417,True
Kubera,0.008794596540388654,True
Trishira,0.0007862670154378649,True
Ucchaisrava,0.0004919423902773318,True
Hiranyanabha,0.0011196702879253228,True
Kaikeyi,0.000341193578782857,True
Kanka,0.00040813771803863087,True
Vidyudrupa,0.0009343582736930711,True
Durdhara,0.004937149348598832,True
Mahodara,6.545727724482021e-06,True
Chandodari,0.0004129585947074448,True
Romasa,0.000678494113844148,True
Sampati,0.004845269368259293,True
Malyavan,0.0006365557520372451,True
Praghasa,0.0019319100161681439,True
Kesari,0.001290334823085562,True
Bhima,0.0009430386210939321,True
Kausalya,0.00520193730662915,True
Kesini,1.0643562007472178e-05,True
Vishrava,0.001379976719497377,True
Lopamudra,0.00014267340278029795,True
Mainaka,0.0026949196566019,True
Ikshvaku,0.011492344611162272,True
Karnikara,0.001811472073171934,True
Mahaparshva,0.0025897578237647273,True
Varuna,0.007268748390136054,True
Daksha,0.00023925367239840926,True
Prahasta,0.0037803289405077185,True
Sita,0.6303096829535245,True
Tripura,0.0003863764154619145,True
Sugriva,0.0961512734918842,True
Vitapavati,0.002245940638089192,True
Jambavan,0.008386656474059897,True
Nandi,0.005224896399351012,True
Tishya,2.2997550620477983e-48,True
Tumburu,1.3744035281929055e-45,True
Vajradamshtra,0.000320234056354565,True
Jayanta,4.8968791013911384e-05,True
Maya,0.0002919874334367261,True
Brahmakarna,0.0006535072207438878,True
Airavata,0.0014557087474144942,True
Nadi,0.000649728208272163,True
Riksha,0.0012753781611291382,True
Tara,7.22324757738567e-05,True
Ganga,0.0004129585947074448,True
Shravana,2.2997550620477983e-48,True
Rahu,0.005794098166280216,True
Kumbhakarna,0.0013787848140273066,True
Viradha,0.001753419549126447,True
Sukanya,0.00014269428431281416,True
Satyavan,2.303926055040009e-05,True
Madayanti,1.0923465898621125e-05,True
Kama,0.001884502512622485,True
Kapila,7.907393960011427e-06,True
Kartaswara,0.0002217134033887704,True
Brahma,0.017890602925746776,True
Khara,0.0012632266183604218,True
Dakshayani,9.312646555691198e-06,True
Ajamukhi,0.0010476306618006938,True
Dhanyamalini,0.002569153919952305,True
Nahusha,0.002323351418567996,True
Atri,0.0004578155447427457,True
Vidyujihva,0.0006830180770503915,True
Bana,0.0014800124683436965,True
Yupaksha,0.0014908906287429444,True
Makaraksha,3.090460626310233e-05,True
Damshtra,0.0006535072207438878,True
Arishta,0.0006673273149570212,True
Angiras,0.0004461013154713058,True
Vinata,0.00042119859206803155,True
Sambasadana,0.001993866923161794,True
Jatayu,0.0012856351863074287,True
Jambumali,0.004438604980940792,True
Suryasatru,2.6975989908764153e-05,True
Sachi,0.00862973308110946,True
Chudamani,0.00963936287780371,True
Agastya,0.00014269428431281416,True
Sambara,0.0005951467109513584,True
Vayu,0.004739585103961928,True
Narada,1.3744035281929055e-45,True
Vikata,0.002211774771323134,True
Sona,0.0018845024366906185,True
Shatrughna,0.0015079984773293757,True
Vighana,0.0009437995837158086,True
Suvarchala,0.0006673273149570212,True
Samvartaka,0.0010802859096644658,True
Vidyunmali,1.641458622192921e-06,True
Lakshmi,0.0012513021818304731,True
Dasharatha,0.02516849719884866,True
Nala,0.0015374455405834113,True
Kumbha,2.961580289856215e-05,True
Dushana,0.0018166044915003594,True
Bhaskarna,0.0012620282336175553,True
Kabandha,0.0009786707369867907,True
Hiranyakasipu,0.0014966768571331305,True
Rohini,0.007547502008219659,True
Dadhimukha,0.006924230092973005,True
Arundhati,0.00016517815852880788,True
Nila,0.0013977661303557847,True
Mandakini,0.0008259171894148896,True
Yama,0.005399867282767346,True
Pisacha,0.0006753916798522933,True
Ravana,0.3383627306273171,True
Kratu,0.0004461013154713058,True
Panasa,6.410771701498467e-06,True
Hastimukha,0.0006766222435352486,True
Indrajit,0.013386139415464605,True
Suryaketu,0.00030720899950874736,True
Vishnu,0.009520048551274276,True
Shatha,0.0009444810327048453,True
Ruma,7.22324757738567e-05,True
Hanuman,0.44561197291448124,True
Aksha,0.019659908889430117,True
Nandana,0.00161009760705842,True
Dardura,0.0008259171894148896,True
Vishwakarma,0.00034669262935285966,True
Sala,4.734050404599701e-06,True
Sunabha,8.136171152494726e-05,True
Vasishta,0.00016526849267446453,True
Kalmashapada,1.0923465898621127e-05,True
Simhika,0.01197907774198231,True
Prasravana,0.006008024785064647,True
Dharma,0.0012901555569463069,True
Dhumraksha,0.0009337104561459913,True
Trijata,0.004955952510540877,True
Sonitaksha,0.000674160515915971,True
Angada,0.018667616214997865,True
Paka,3.60880503724676e-05,True
Surya,0.0005053687472026018,True
Sarana,0.0003132547098248718,True
Lamba,0.0011679497337469043,True
Dvivida,0.0009576747032292394,True
Rashmiketu,0.0003406467910393493,True
Devi,0.0023241876726606573,True
Dhvajagriva,0.000681613147083115,True
Nikumbha,0.0011438528093207468,True
Sukanasa,0.0009442416277743607,True
