Source,Target,Weight
Karala,Sukanasa,3
Karala,Vakra,3
Karala,Shatha,3
Karala,Vikata,3
Karala,Brahmakarna,3
Karala,Damshtra,3
Karala,Romasa,8
Karala,Yuddhonmatta,8
Karala,Matta,8
Karala,Dhvajagriva,8
Karala,Nadi,3
Karala,Vidyujihva,8
Karala,Indrajit,3
Karala,Hastimukha,8
Karala,Pisacha,8
Karala,Sonitaksha,8
Karala,Hanuman,2
Karala,Dhumraksha,2
Karala,Sampati,2
Karala,Vidyudrupa,2
Karala,Bhima,2
Karala,Ghana,2
Karala,Vighana,2
Karala,Rashmiketu,5
Karala,Suryasatru,5
Karala,Hrasvakarna,5
Karala,Vajradamshtra,5
Karala,Kumbhakarna,5
Karala,Makaraksha,5
Karala,Yagnasatru,5
Karala,Narantaka,5
Karala,Kumbha,5
Karala,Nikumbha,5
Simsupa,Hanuman,12
Simsupa,Sita,21
Simsupa,Karnikara,6
Simsupa,Rama,6
Simsupa,Lakshmana,1
Simsupa,Ravana,4
Punarvasu,Airavata,4
Smriti,Sita,2
Ghana,Vajrakaya,1
Ghana,Hanuman,3
Ghana,Dhumraksha,3
Ghana,Sampati,3
Ghana,Vidyudrupa,3
Ghana,Bhima,3
Ghana,Vighana,3
Ghana,Sukanasa,3
Ghana,Vakra,3
Ghana,Shatha,3
Ghana,Vikata,3
Ghana,Brahmakarna,3
Ghana,Damshtra,3
Ghana,Romasa,3
Ghana,Yuddhonmatta,3
Ghana,Matta,3
Ghana,Dhvajagriva,3
Ghana,Nadi,3
Ghana,Vidyujihva,3
Ghana,Indrajit,2
Ghana,Hastimukha,2
Ghana,Pisacha,2
Ghana,Sonitaksha,2
Durmukha,Ravana,1
Vibhishana,Kumbhakarna,2
Vibhishana,Mahodara,1
Vibhishana,Virupaksha,1
Vibhishana,Vidyujihva,1
Vibhishana,Ravana,12
Vibhishana,Sita,4
Vibhishana,Nala,2
Vibhishana,Hanuman,5
Vibhishana,Rama,1
Surpanakha,Ajamukhi,1
Raghu,Sita,5
Raghu,Rama,6
Raghu,Ravana,3
Raghu,Yama,1
Virupaksha,Mahodara,1
Virupaksha,Vidyujihva,1
Virupaksha,Vidyunmali,1
Virupaksha,Vajradamshtra,1
Virupaksha,Ravana,4
Virupaksha,Hanuman,2
Virupaksha,Yupaksha,3
Virupaksha,Durdhara,4
Virupaksha,Praghasa,2
Virupaksha,Bhaskarna,2
Pulastya,Ravana,2
Pulastya,Maricha,2
Pulastya,Atri,2
Pulastya,Angiras,2
Pulastya,Plaha,2
Pulastya,Kratu,2
Pulastya,Vishrava,2
Matta,Dhumraksha,3
Matta,Sampati,3
Matta,Vidyudrupa,3
Matta,Bhima,3
Matta,Vighana,3
Matta,Sukanasa,3
Matta,Vakra,3
Matta,Shatha,3
Matta,Vikata,3
Matta,Brahmakarna,3
Matta,Damshtra,3
Matta,Romasa,8
Matta,Yuddhonmatta,8
Matta,Dhvajagriva,8
Matta,Nadi,3
Matta,Vidyujihva,8
Matta,Indrajit,3
Matta,Hastimukha,8
Matta,Pisacha,8
Matta,Sonitaksha,8
Matta,Hanuman,2
Matta,Rashmiketu,5
Matta,Suryasatru,5
Matta,Hrasvakarna,5
Matta,Vajradamshtra,5
Matta,Kumbhakarna,5
Matta,Makaraksha,5
Matta,Yagnasatru,5
Matta,Narantaka,5
Matta,Kumbha,5
Matta,Nikumbha,5
Plaha,Ravana,2
Plaha,Maricha,1
Plaha,Atri,1
Plaha,Angiras,1
Plaha,Kratu,1
Plaha,Vishrava,1
Mainda,Kumuda,1
Mainda,Angada,1
Mainda,Sushena,1
Mainda,Dvivida,2
Mainda,Sona,1
Mainda,Surya,1
Mainda,Sugriva,1
Mainda,Riksha,1
Mainda,Jambavan,1
Vali,Angada,2
Vali,Nila,1
Vali,Sugriva,26
Vali,Hanuman,5
Vali,Janaka,1
Vali,Sita,9
Vali,Ruma,1
Vali,Tara,1
Vali,Rama,14
Vali,Kabandha,1
Vali,Ravana,10
Vali,Lakshmana,3
Vali,Jambavan,2
Vali,Indra,1
Vaswokasara,Hanuman,5
Vajrakaya,Jambumali,3
Vajrakaya,Sumali,3
Vajrakaya,Rashmiketu,3
Vajrakaya,Suryaketu,2
Vajrakaya,Hanuman,1
Vajrakaya,Dhumraksha,1
Vajrakaya,Sampati,1
Vajrakaya,Vidyudrupa,1
Vajrakaya,Bhima,1
Vajrakaya,Vighana,1
Vajrakaya,Sukanasa,1
Sumali,Sarana,1
Sumali,Indrajit,2
Sumali,Jambumali,3
Sumali,Rashmiketu,2
Sumali,Suryaketu,3
Sumali,Hanuman,1
Sumitra,Sita,2
Sumitra,Rama,11
Sumitra,Lakshmana,5
Sumitra,Kausalya,2
Sumitra,Bharata,1
Kumuda,Ravana,1
Kumuda,Angada,1
Kumuda,Sushena,1
Kumuda,Dvivida,1
Kumuda,Sona,1
Garuda,Hanuman,27
Garuda,Varuna,1
Garuda,Sita,8
Garuda,Ravana,1
Garuda,Rama,3
Garuda,Vinata,1
Garuda,Aksha,3
Garuda,Vayu,1
Garuda,Indra,1
Garuda,Indrajit,1
Garuda,Lakshmana,1
Vishvavasu,Airavata,6
Lakshmana,Dasharatha,10
Lakshmana,Rama,175
Lakshmana,Sita,96
Lakshmana,Hanuman,40
Lakshmana,Janaka,4
Lakshmana,Shiva,1
Lakshmana,Indra,4
Lakshmana,Yama,1
Lakshmana,Vayu,2
Lakshmana,Kanka,1
Lakshmana,Vritra,1
Lakshmana,Kausalya,2
Lakshmana,Trijata,2
Lakshmana,Pushpaka,3
Lakshmana,Vishnu,2
Lakshmana,Sugriva,42
Lakshmana,Rahu,1
Lakshmana,Prasravana,3
Lakshmana,Sachi,1
Lakshmana,Ravana,3
Lakshmana,Bharata,1
Lakshmana,Shatrughna,1
Lakshmana,Dadhimukha,17
Lakshmana,Brahma,1
Lakshmana,Angada,1
Lakshmana,Chudamani,1
Rati,Sita,3
Bharata,Shatrughna,3
Bharata,Rama,8
Bharata,Kausalya,1
Bharata,Sita,8
Bharata,Sugriva,1
Bharata,Ikshvaku,1
Shuktiman,Indra,1
Shuktiman,Riksha,1
Shuktiman,Hanuman,3
Pushpaka,Hanuman,6
Pushpaka,Vishwakarma,3
Pushpaka,Kubera,3
Pushpaka,Brahma,2
Pushpaka,Ravana,3
Pushpaka,Sita,2
Pushpaka,Rama,2
Pushpaka,Trijata,1
Aruna,Jatayu,1
Aruna,Sampati,1
Aruna,Sita,1
Aruna,Ravana,1
Sagara,Ikshvaku,1
Sagara,Hanuman,4
Sagara,Rama,1
Sagara,Chyavana,3
Sagara,Surya,3
Sagara,Satyavan,3
Sagara,Srimati,3
Sagara,Kapila,3
Sagara,Madayanti,3
Sagara,Kalmashapada,3
Sagara,Kesini,3
Sagara,Bhima,3
Sagara,Damayanti,3
Sagara,Nala,3
Vakra,Hanuman,3
Vakra,Dhumraksha,3
Vakra,Sampati,3
Vakra,Vidyudrupa,3
Vakra,Bhima,3
Vakra,Vighana,3
Vakra,Sukanasa,3
Vakra,Shatha,3
Vakra,Vikata,3
Vakra,Brahmakarna,3
Vakra,Damshtra,3
Vakra,Romasa,3
Vakra,Yuddhonmatta,3
Vakra,Dhvajagriva,3
Vakra,Nadi,3
Vakra,Vidyujihva,3
Vakra,Indrajit,3
Vakra,Hastimukha,3
Vakra,Pisacha,3
Vakra,Sonitaksha,2
Mandodari,Sita,1
Mandodari,Hanuman,1
Mandodari,Ravana,2
Mandodari,Aksha,1
Harijata,Ravana,1
Chyavana,Indra,3
Chyavana,Arundhati,3
Chyavana,Vasishta,3
Chyavana,Rohini,3
Chyavana,Lopamudra,3
Chyavana,Agastya,3
Chyavana,Sukanya,3
Chyavana,Surya,3
Chyavana,Satyavan,3
Chyavana,Srimati,3
Chyavana,Kapila,3
Chyavana,Madayanti,3
Chyavana,Kalmashapada,3
Chyavana,Kesini,3
Chyavana,Bhima,3
Yagnasatru,Rashmiketu,5
Yagnasatru,Suryasatru,5
Yagnasatru,Hrasvakarna,5
Yagnasatru,Vajradamshtra,5
Yagnasatru,Romasa,5
Yagnasatru,Yuddhonmatta,5
Yagnasatru,Dhvajagriva,5
Yagnasatru,Vidyujihva,5
Yagnasatru,Hastimukha,5
Yagnasatru,Pisacha,5
Yagnasatru,Sonitaksha,5
Yagnasatru,Kumbhakarna,5
Yagnasatru,Makaraksha,5
Yagnasatru,Narantaka,5
Yagnasatru,Kumbha,5
Yagnasatru,Nikumbha,5
Vritra,Indra,1
Vritra,Rama,1
Srimati,Vasishta,3
Srimati,Rohini,3
Srimati,Lopamudra,3
Srimati,Agastya,3
Srimati,Sukanya,3
Srimati,Surya,3
Srimati,Satyavan,3
Srimati,Kapila,3
Srimati,Madayanti,3
Srimati,Kalmashapada,3
Srimati,Kesini,3
Srimati,Bhima,3
Srimati,Damayanti,3
Sushena,Angada,1
Sushena,Dvivida,1
Sushena,Sona,1
Sushena,Surya,1
Sushena,Sugriva,1
Hiranmaya,Kartaswara,2
Narantaka,Hrasvakarna,5
Narantaka,Vajradamshtra,5
Narantaka,Romasa,5
Narantaka,Yuddhonmatta,5
Narantaka,Dhvajagriva,5
Narantaka,Vidyujihva,5
Narantaka,Hastimukha,5
Narantaka,Pisacha,5
Narantaka,Sonitaksha,5
Narantaka,Kumbhakarna,5
Narantaka,Makaraksha,5
Narantaka,Kumbha,5
Narantaka,Nikumbha,5
Valmiki,Sita,2
Gokarna,Malyavan,1
Gokarna,Kesari,3
Gokarna,Hanuman,1
Suka,Vajradamshtra,2
Suka,Sarana,2
Suka,Indrajit,1
Suka,Jambumali,1
Suka,Hanuman,1
Shiva,Brahma,2
Shiva,Hanuman,18
Shiva,Ravana,4
Shiva,Rama,2
Shiva,Sita,1
Shiva,Janaka,1
Shiva,Indra,2
Shiva,Yama,6
Shiva,Vayu,1
Shiva,Varuna,5
Shiva,Bana,2
Shiva,Nandi,3
Shiva,Prahasta,1
Shiva,Tripura,1
Shiva,Kubera,1
Janaka,Ravana,19
Janaka,Angada,1
Janaka,Nila,1
Janaka,Sugriva,2
Janaka,Hanuman,16
Janaka,Sita,41
Janaka,Rama,18
Janaka,Indra,2
Janaka,Yama,1
Janaka,Vayu,2
Janaka,Dasharatha,3
Janaka,Trijata,2
Tala,Dadhimukha,2
Tala,Sala,1
Tala,Hanuman,1
Hrasvakarna,Rashmiketu,5
Hrasvakarna,Suryasatru,5
Hrasvakarna,Vajradamshtra,5
Hrasvakarna,Romasa,5
Hrasvakarna,Yuddhonmatta,5
Hrasvakarna,Dhvajagriva,5
Hrasvakarna,Vidyujihva,5
Hrasvakarna,Hastimukha,5
Hrasvakarna,Pisacha,5
Hrasvakarna,Sonitaksha,5
Hrasvakarna,Kumbhakarna,5
Hrasvakarna,Makaraksha,5
Yuddhonmatta,Dhumraksha,3
Yuddhonmatta,Sampati,3
Yuddhonmatta,Vidyudrupa,3
Yuddhonmatta,Bhima,3
Yuddhonmatta,Vighana,3
Yuddhonmatta,Sukanasa,3
Yuddhonmatta,Shatha,3
Yuddhonmatta,Vikata,3
Yuddhonmatta,Brahmakarna,3
Yuddhonmatta,Damshtra,3
Yuddhonmatta,Romasa,8
Yuddhonmatta,Dhvajagriva,8
Yuddhonmatta,Nadi,3
Yuddhonmatta,Vidyujihva,8
Yuddhonmatta,Indrajit,3
Yuddhonmatta,Hastimukha,8
Yuddhonmatta,Pisacha,8
Yuddhonmatta,Sonitaksha,8
Yuddhonmatta,Hanuman,2
Yuddhonmatta,Rashmiketu,5
Yuddhonmatta,Suryasatru,5
Yuddhonmatta,Vajradamshtra,5
Yuddhonmatta,Kumbhakarna,5
Yuddhonmatta,Makaraksha,5
Yuddhonmatta,Kumbha,5
Ekajata,Ravana,2
Brihaspati,Indra,2
Brihaspati,Brahma,1
Brihaspati,Kubera,2
Brihaspati,Vishnu,1
Brihaspati,Rama,4
Brihaspati,Kama,1
Surasa,Hanuman,46
Surasa,Dasharatha,1
Surasa,Brahma,1
Surasa,Dakshayani,1
Surasa,Rahu,2
Surasa,Rama,1
Surasa,Sita,1
Indra,Brahma,16
Indra,Hanuman,62
Indra,Mainaka,8
Indra,Sunabha,2
Indra,Sachi,12
Indra,Airavata,23
Indra,Kubera,9
Indra,Vishrava,1
Indra,Ucchaisrava,1
Indra,Ravana,35
Indra,Vishnu,6
Indra,Rama,42
Indra,Yama,8
Indra,Vayu,2
Indra,Nandana,13
Indra,Viradha,1
Indra,Sambara,1
Indra,Khara,1
Indra,Trishira,1
Indra,Dushana,1
Indra,Hiranyakasipu,1
Indra,Sita,34
Indra,Praghasa,1
Indra,Ikshvaku,3
Indra,Arundhati,3
Indra,Vasishta,3
Indra,Rohini,3
Indra,Lopamudra,3
Indra,Agastya,3
Indra,Sukanya,3
Indra,Surya,3
Indra,Dasharatha,3
Indra,Prasravana,2
Indra,Puloma,1
Indra,Varuna,3
Indra,Riksha,1
Indra,Aksha,1
Indra,Jayanta,1
Indra,Indrajit,13
Indra,Tripura,1
Indra,Angada,3
Indra,Jambavan,2
Indra,Paka,1
Indra,Nahusha,2
Indra,Sugriva,1
Damayanti,Satyavan,3
Damayanti,Kapila,3
Damayanti,Madayanti,3
Damayanti,Kalmashapada,3
Damayanti,Kesini,3
Damayanti,Bhima,3
Damayanti,Nala,3
Damayanti,Sita,1
Maricha,Brahma,1
Maricha,Ravana,2
Maricha,Atri,1
Maricha,Angiras,1
Maricha,Kratu,1
Rama,Hanuman,292
Rama,Dasharatha,37
Rama,Sita,891
Rama,Ravana,146
Rama,Shatrughna,3
Rama,Sugriva,112
Rama,Sampati,3
Rama,Ikshvaku,8
Rama,Yama,3
Rama,Vayu,4
Rama,Lakshmi,2
Rama,Kabandha,1
Rama,Viradha,2
Rama,Sambara,1
Rama,Khara,3
Rama,Trishira,1
Rama,Dushana,2
Rama,Rohini,3
Rama,Kanka,1
Rama,Vishnu,15
Rama,Kubera,9
Rama,Varuna,7
Rama,Sachi,14
Rama,Suvarchala,2
Rama,Nala,2
Rama,Kausalya,8
Rama,Trijata,4
Rama,Kaikeyi,1
Rama,Kama,3
Rama,Rahu,4
Rama,Samvartaka,2
Rama,Prasravana,5
Rama,Puloma,3
Rama,Airavata,1
Rama,Devi,2
Rama,Chudamani,13
Rama,Brahma,3
Rama,Tripura,1
Rama,Mainaka,1
Rama,Arishta,2
Rama,Nahusha,3
Rama,Dadhimukha,6
Rama,Angada,6
Rama,Sona,2
Puloma,Sachi,1
Puloma,Sita,1
Kubera,Ravana,16
Kubera,Vitapavati,5
Kubera,Hanuman,3
Kubera,Vishrava,2
Kubera,Ucchaisrava,2
Kubera,Yama,4
Kubera,Varuna,5
Kubera,Vishwakarma,4
Kubera,Brahma,10
Kubera,Nandana,4
Kubera,Vishnu,5
Kubera,Kama,1
Kubera,Sita,2
Trishira,Viradha,1
Trishira,Sambara,1
Trishira,Khara,1
Trishira,Dushana,1
Trishira,Sita,1
Ucchaisrava,Vishrava,1
Ucchaisrava,Ravana,2
Hiranyanabha,Mainaka,1
Hiranyanabha,Sita,2
Hiranyanabha,Hanuman,1
Kaikeyi,Ikshvaku,1
Vidyudrupa,Suryaketu,1
Vidyudrupa,Hanuman,3
Vidyudrupa,Dhumraksha,3
Vidyudrupa,Sampati,3
Vidyudrupa,Bhima,3
Vidyudrupa,Vighana,3
Vidyudrupa,Sukanasa,3
Vidyudrupa,Shatha,3
Vidyudrupa,Vikata,3
Vidyudrupa,Brahmakarna,3
Vidyudrupa,Damshtra,3
Vidyudrupa,Romasa,3
Vidyudrupa,Dhvajagriva,3
Vidyudrupa,Nadi,3
Vidyudrupa,Vidyujihva,2
Vidyudrupa,Indrajit,2
Vidyudrupa,Hastimukha,2
Vidyudrupa,Pisacha,2
Vidyudrupa,Sonitaksha,2
Durdhara,Ravana,9
Durdhara,Hanuman,10
Durdhara,Yupaksha,4
Durdhara,Praghasa,2
Durdhara,Bhaskarna,2
Durdhara,Prahasta,2
Durdhara,Mahaparshva,2
Durdhara,Nikumbha,2
Mahodara,Kumbhakarna,1
Mahodara,Vidyujihva,1
Mahodara,Vidyunmali,1
Mahodara,Vajradamshtra,1
Chandodari,Sita,1
Romasa,Dhumraksha,3
Romasa,Sampati,3
Romasa,Bhima,3
Romasa,Vighana,3
Romasa,Sukanasa,3
Romasa,Shatha,3
Romasa,Vikata,3
Romasa,Brahmakarna,3
Romasa,Damshtra,3
Romasa,Dhvajagriva,8
Romasa,Nadi,3
Romasa,Vidyujihva,8
Romasa,Indrajit,3
Romasa,Hastimukha,8
Romasa,Pisacha,8
Romasa,Sonitaksha,8
Romasa,Hanuman,2
Romasa,Rashmiketu,5
Romasa,Suryasatru,5
Romasa,Vajradamshtra,5
Romasa,Kumbhakarna,5
Romasa,Makaraksha,5
Romasa,Kumbha,5
Sampati,Rashmiketu,1
Sampati,Suryaketu,1
Sampati,Hanuman,5
Sampati,Dhumraksha,3
Sampati,Bhima,3
Sampati,Vighana,3
Sampati,Sukanasa,3
Sampati,Shatha,3
Sampati,Vikata,3
Sampati,Brahmakarna,3
Sampati,Damshtra,3
Sampati,Dhvajagriva,3
Sampati,Nadi,2
Sampati,Vidyujihva,2
Sampati,Indrajit,2
Sampati,Hastimukha,2
Sampati,Pisacha,2
Sampati,Sonitaksha,2
Sampati,Sita,4
Sampati,Ravana,3
Sampati,Jatayu,5
Sampati,Angada,1
Malyavan,Ravana,1
Malyavan,Sita,1
Malyavan,Kesari,2
Praghasa,Sita,1
Praghasa,Ravana,4
Praghasa,Hanuman,2
Praghasa,Yupaksha,2
Praghasa,Bhaskarna,2
Kesari,Sita,1
Kesari,Hanuman,3
Bhima,Suryaketu,1
Bhima,Hanuman,3
Bhima,Dhumraksha,3
Bhima,Vighana,3
Bhima,Sukanasa,3
Bhima,Shatha,3
Bhima,Vikata,3
Bhima,Brahmakarna,3
Bhima,Damshtra,3
Bhima,Dhvajagriva,3
Bhima,Nadi,3
Bhima,Vidyujihva,3
Bhima,Indrajit,2
Bhima,Hastimukha,2
Bhima,Pisacha,2
Bhima,Sonitaksha,2
Bhima,Surya,3
Bhima,Satyavan,3
Bhima,Kapila,3
Bhima,Madayanti,3
Bhima,Kalmashapada,3
Bhima,Kesini,3
Bhima,Nala,3
Kausalya,Sita,5
Kausalya,Dasharatha,1
Kausalya,Hanuman,1
Kesini,Agastya,3
Kesini,Sukanya,3
Kesini,Surya,3
Kesini,Satyavan,3
Kesini,Kapila,3
Kesini,Madayanti,3
Kesini,Kalmashapada,3
Kesini,Nala,3
Vishrava,Ravana,6
Vishrava,Atri,1
Vishrava,Angiras,1
Vishrava,Kratu,1
Lopamudra,Sachi,3
Lopamudra,Arundhati,3
Lopamudra,Vasishta,3
Lopamudra,Rohini,3
Lopamudra,Agastya,3
Lopamudra,Sukanya,3
Lopamudra,Surya,3
Lopamudra,Satyavan,3
Lopamudra,Kapila,3
Lopamudra,Madayanti,3
Lopamudra,Kalmashapada,3
Mainaka,Hanuman,7
Mainaka,Sunabha,2
Mainaka,Sachi,2
Mainaka,Dasharatha,1
Ikshvaku,Hanuman,16
Ikshvaku,Sita,9
Ikshvaku,Sachi,3
Ikshvaku,Arundhati,3
Ikshvaku,Vasishta,3
Ikshvaku,Rohini,3
Ikshvaku,Dasharatha,4
Ikshvaku,Ravana,1
Ikshvaku,Shatrughna,1
Karnikara,Hanuman,6
Mahaparshva,Hanuman,5
Mahaparshva,Prahasta,5
Mahaparshva,Kumbhakarna,1
Mahaparshva,Ravana,5
Mahaparshva,Nikumbha,2
Varuna,Hanuman,14
Varuna,Ravana,1
Varuna,Yama,8
Varuna,Sita,1
Varuna,Vishnu,2
Daksha,Indrajit,2
Daksha,Ravana,1
Prahasta,Hanuman,6
Prahasta,Ravana,9
Prahasta,Jambumali,4
Prahasta,Nikumbha,2
Sita,Hanuman,687
Sita,Ravana,531
Sita,Dasharatha,22
Sita,Nila,1
Sita,Sugriva,62
Sita,Dharma,1
Sita,Angada,13
Sita,Rohini,13
Sita,Ganga,1
Sita,Kabandha,1
Sita,Dushana,2
Sita,Rahu,7
Sita,Brahma,7
Sita,Hiranyakasipu,3
Sita,Vishnu,6
Sita,Dhanyamalini,3
Sita,Nala,1
Sita,Vinata,1
Sita,Sachi,7
Sita,Vikata,2
Sita,Ajamukhi,2
Sita,Viradha,2
Sita,Jatayu,2
Sita,Trijata,7
Sita,Nandana,2
Sita,Samvartaka,1
Sita,Sambasadana,2
Sita,Dardura,2
Sita,Prasravana,7
Sita,Vayu,4
Sita,Mandakini,2
Sita,Chudamani,10
Sita,Yama,1
Sita,Devi,3
Sita,Shatrughna,1
Sita,Jambavan,3
Sita,Nahusha,3
Sita,Dadhimukha,1
Sita,Sona,2
Tripura,Brahma,1
Sugriva,Hanuman,81
Sugriva,Angada,10
Sugriva,Nila,3
Sugriva,Dvivida,3
Sugriva,Sona,1
Sugriva,Surya,1
Sugriva,Riksha,1
Sugriva,Jambavan,3
Sugriva,Dasharatha,1
Sugriva,Ruma,1
Sugriva,Tara,1
Sugriva,Dushana,1
Sugriva,Devi,2
Sugriva,Ravana,26
Sugriva,Aksha,1
Sugriva,Dadhimukha,25
Sugriva,Brahma,1
Sugriva,Prasravana,2
Vitapavati,Ravana,10
Jambavan,Dvivida,3
Jambavan,Sona,1
Jambavan,Surya,1
Jambavan,Riksha,1
Jambavan,Hanuman,20
Jambavan,Angada,11
Jambavan,Ravana,4
Jambavan,Nila,3
Jambavan,Panasa,1
Nandi,Ravana,9
Nandi,Hanuman,11
Nandi,Bana,3
Tishya,Shravana,4
Tumburu,Narada,6
Vajradamshtra,Vidyujihva,6
Vajradamshtra,Vidyunmali,1
Vajradamshtra,Sarana,1
Vajradamshtra,Hanuman,1
Vajradamshtra,Rashmiketu,5
Vajradamshtra,Suryasatru,5
Vajradamshtra,Dhvajagriva,5
Vajradamshtra,Hastimukha,5
Vajradamshtra,Pisacha,5
Vajradamshtra,Sonitaksha,5
Vajradamshtra,Kumbhakarna,5
Vajradamshtra,Makaraksha,5
Vajradamshtra,Kumbha,5
Jayanta,Aksha,1
Maya,Hanuman,1
Brahmakarna,Dhumraksha,3
Brahmakarna,Vighana,3
Brahmakarna,Sukanasa,3
Brahmakarna,Shatha,3
Brahmakarna,Vikata,3
Brahmakarna,Damshtra,3
Brahmakarna,Dhvajagriva,3
Brahmakarna,Nadi,3
Brahmakarna,Vidyujihva,3
Brahmakarna,Indrajit,3
Brahmakarna,Hastimukha,3
Brahmakarna,Pisacha,3
Brahmakarna,Sonitaksha,3
Brahmakarna,Hanuman,2
Airavata,Hanuman,1
Nadi,Vighana,3
Nadi,Sukanasa,3
Nadi,Shatha,3
Nadi,Vikata,3
Nadi,Damshtra,3
Nadi,Dhvajagriva,3
Nadi,Vidyujihva,3
Nadi,Indrajit,3
Nadi,Hastimukha,3
Nadi,Pisacha,3
Nadi,Sonitaksha,3
Nadi,Hanuman,2
Nadi,Dhumraksha,2
Riksha,Dvivida,1
Riksha,Sona,1
Riksha,Surya,1
Riksha,Hanuman,4
Tara,Ruma,1
Rahu,Hanuman,5
Rahu,Simhika,2
Kumbhakarna,Yama,1
Kumbhakarna,Ravana,6
Kumbhakarna,Indrajit,1
Kumbhakarna,Rashmiketu,5
Kumbhakarna,Suryasatru,5
Kumbhakarna,Dhvajagriva,5
Kumbhakarna,Vidyujihva,5
Kumbhakarna,Hastimukha,5
Kumbhakarna,Pisacha,5
Kumbhakarna,Sonitaksha,5
Kumbhakarna,Makaraksha,5
Kumbhakarna,Kumbha,5
Kumbhakarna,Nikumbha,5
Viradha,Kabandha,1
Viradha,Ravana,1
Viradha,Sambara,1
Viradha,Khara,1
Sukanya,Sachi,3
Sukanya,Arundhati,3
Sukanya,Vasishta,3
Sukanya,Rohini,3
Sukanya,Agastya,3
Sukanya,Surya,3
Sukanya,Satyavan,3
Sukanya,Kapila,3
Sukanya,Madayanti,3
Sukanya,Kalmashapada,3
Satyavan,Vasishta,3
Satyavan,Rohini,3
Satyavan,Agastya,3
Satyavan,Surya,3
Satyavan,Kapila,3
Satyavan,Madayanti,3
Satyavan,Kalmashapada,3
Madayanti,Agastya,3
Madayanti,Surya,3
Madayanti,Kapila,3
Madayanti,Kalmashapada,3
Madayanti,Nala,3
Kama,Hanuman,3
Kama,Dharma,1
Kapila,Agastya,3
Kapila,Surya,3
Kapila,Kalmashapada,3
Kartaswara,Ravana,1
Brahma,Hanuman,42
Brahma,Ravana,4
Brahma,Vishwakarma,2
Brahma,Yama,4
Brahma,Atri,1
Brahma,Indrajit,4
Khara,Sambara,1
Khara,Dushana,2
Khara,Ravana,1
Ajamukhi,Ravana,1
Dhanyamalini,Ravana,6
Nahusha,Sachi,2
Atri,Ravana,2
Atri,Angiras,1
Atri,Kratu,1
Vidyujihva,Vidyunmali,1
Vidyujihva,Vighana,3
Vidyujihva,Sukanasa,3
Vidyujihva,Shatha,3
Vidyujihva,Vikata,3
Vidyujihva,Damshtra,3
Vidyujihva,Dhvajagriva,8
Vidyujihva,Indrajit,3
Vidyujihva,Hastimukha,8
Vidyujihva,Pisacha,8
Vidyujihva,Sonitaksha,8
Vidyujihva,Hanuman,2
Vidyujihva,Dhumraksha,2
Vidyujihva,Rashmiketu,5
Vidyujihva,Suryasatru,5
Vidyujihva,Makaraksha,5
Vidyujihva,Kumbha,5
Vidyujihva,Nikumbha,5
Bana,Hanuman,5
Yupaksha,Ravana,4
Yupaksha,Hanuman,2
Yupaksha,Bhaskarna,2
Makaraksha,Rashmiketu,5
Makaraksha,Suryasatru,5
Makaraksha,Dhvajagriva,5
Makaraksha,Hastimukha,5
Makaraksha,Pisacha,5
Makaraksha,Sonitaksha,5
Makaraksha,Kumbha,5
Makaraksha,Nikumbha,5
Damshtra,Dhumraksha,3
Damshtra,Vighana,3
Damshtra,Sukanasa,3
Damshtra,Shatha,3
Damshtra,Vikata,3
Damshtra,Dhvajagriva,3
Damshtra,Indrajit,3
Damshtra,Hastimukha,3
Damshtra,Pisacha,3
Damshtra,Sonitaksha,3
Damshtra,Hanuman,2
Angiras,Ravana,2
Angiras,Kratu,1
Sambasadana,Hanuman,4
Jatayu,Ravana,2
Jambumali,Sarana,1
Jambumali,Indrajit,4
Jambumali,Rashmiketu,3
Jambumali,Suryaketu,3
Jambumali,Hanuman,12
Jambumali,Ravana,4
Suryasatru,Rashmiketu,5
Suryasatru,Dhvajagriva,5
Suryasatru,Hastimukha,5
Suryasatru,Pisacha,5
Suryasatru,Sonitaksha,5
Sachi,Sunabha,1
Sachi,Arundhati,3
Sachi,Vasishta,3
Sachi,Rohini,3
Sachi,Agastya,3
Sachi,Ravana,1
Sachi,Hanuman,1
Chudamani,Ravana,1
Chudamani,Hanuman,3
Agastya,Arundhati,3
Agastya,Vasishta,3
Agastya,Rohini,3
Agastya,Surya,3
Agastya,Kalmashapada,3
Sambara,Ravana,1
Sambara,Dushana,1
Vayu,Yama,1
Vayu,Hanuman,5
Vayu,Aksha,1
Vikata,Hanuman,3
Vikata,Dhumraksha,3
Vikata,Vighana,3
Vikata,Sukanasa,3
Vikata,Shatha,3
Vikata,Dhvajagriva,3
Vikata,Indrajit,3
Vikata,Hastimukha,3
Vikata,Pisacha,3
Vikata,Sonitaksha,3
Vikata,Ravana,2
Sona,Angada,1
Sona,Dvivida,1
Sona,Surya,1
Sona,Hanuman,1
Sona,Dasharatha,1
Vighana,Hanuman,3
Vighana,Dhumraksha,3
Vighana,Sukanasa,3
Vighana,Shatha,3
Vighana,Dhvajagriva,3
Vighana,Indrajit,3
Vighana,Hastimukha,3
Vighana,Pisacha,2
Vighana,Sonitaksha,2
Lakshmi,Hanuman,2
Dasharatha,Hanuman,7
Dasharatha,Ravana,3
Dasharatha,Trijata,1
Nala,Kalmashapada,3
Nala,Ravana,2
Kumbha,Dhvajagriva,5
Kumbha,Hastimukha,5
Kumbha,Pisacha,5
Kumbha,Sonitaksha,5
Kumbha,Nikumbha,5
Dushana,Ravana,1
Bhaskarna,Hanuman,2
Bhaskarna,Ravana,3
Kabandha,Ravana,1
Hiranyakasipu,Ravana,1
Rohini,Ravana,2
Rohini,Arundhati,3
Rohini,Vasishta,3
Rohini,Surya,3
Rohini,Hanuman,2
Dadhimukha,Hanuman,5
Dadhimukha,Sala,1
Dadhimukha,Angada,17
Arundhati,Vasishta,4
Arundhati,Surya,3
Nila,Angada,1
Nila,Hanuman,1
Nila,Ravana,2
Nila,Dvivida,2
Nila,Panasa,1
Yama,Ravana,5
Yama,Hanuman,8
Yama,Vishnu,2
Pisacha,Shatha,3
Pisacha,Dhvajagriva,8
Pisacha,Indrajit,3
Pisacha,Hastimukha,8
Pisacha,Sonitaksha,8
Pisacha,Hanuman,2
Pisacha,Dhumraksha,2
Pisacha,Sukanasa,2
Pisacha,Rashmiketu,5
Pisacha,Nikumbha,5
Ravana,Hanuman,225
Ravana,Angada,3
Ravana,Prasravana,2
Ravana,Vishnu,6
Ravana,Kratu,2
Ravana,Indrajit,30
Ravana,Trijata,1
Ravana,Dvivida,2
Ravana,Aksha,9
Ravana,Nikumbha,5
Hastimukha,Sukanasa,3
Hastimukha,Shatha,3
Hastimukha,Dhvajagriva,8
Hastimukha,Indrajit,3
Hastimukha,Sonitaksha,8
Hastimukha,Hanuman,2
Hastimukha,Dhumraksha,2
Hastimukha,Rashmiketu,5
Hastimukha,Nikumbha,5
Indrajit,Sarana,2
Indrajit,Rashmiketu,1
Indrajit,Sukanasa,3
Indrajit,Shatha,3
Indrajit,Dhvajagriva,3
Indrajit,Sonitaksha,3
Indrajit,Hanuman,21
Indrajit,Dhumraksha,2
Indrajit,Aksha,2
Suryaketu,Rashmiketu,2
Suryaketu,Hanuman,1
Suryaketu,Dhumraksha,1
Vishnu,Trijata,1
Vishnu,Hanuman,1
Shatha,Hanuman,3
Shatha,Dhumraksha,3
Shatha,Sukanasa,3
Shatha,Dhvajagriva,3
Shatha,Sonitaksha,2
Hanuman,Simhika,41
Hanuman,Angada,33
Hanuman,Lamba,4
Hanuman,Dvivida,1
Hanuman,Surya,1
Hanuman,Rashmiketu,1
Hanuman,Dhumraksha,3
Hanuman,Sukanasa,3
Hanuman,Dhvajagriva,2
Hanuman,Sonitaksha,2
Hanuman,Prasravana,2
Hanuman,Dharma,3
Hanuman,Vishwakarma,1
Hanuman,Trijata,1
Hanuman,Devi,1
Hanuman,Nandana,1
Hanuman,Aksha,60
Hanuman,Sarana,1
Vasishta,Surya,3
Kalmashapada,Surya,3
Dhumraksha,Rashmiketu,1
Dhumraksha,Sukanasa,3
Dhumraksha,Dhvajagriva,2
Dhumraksha,Sonitaksha,2
Sonitaksha,Dhvajagriva,8
Sonitaksha,Sukanasa,2
Sonitaksha,Rashmiketu,5
Sonitaksha,Nikumbha,5
Angada,Dvivida,1
Angada,Surya,1
Surya,Dvivida,1
Rashmiketu,Dhvajagriva,5
Dhvajagriva,Sukanasa,3
Dhvajagriva,Nikumbha,5
