Source,Target,Weight
Pavaksha,Angada,4
Pavaksha,Jambavan,4
Pavaksha,Sushena,4
Pavaksha,Vegadarsa,4
Pavaksha,Mainda,4
Pavaksha,Dvivida,4
Pavaksha,Nila,4
Pavaksha,Gavaksha,4
Pavaksha,Vidyuddhamshtra,4
Pavaksha,Suryanana,4
Pavaksha,Jyothimukha,4
Pavaksha,Dadhimukha,4
Pavaksha,Nala,4
Pavaksha,Kumuda,4
Pavaksha,Indrajit,3
Dhumra,Parjanya,4
Dhumra,Jambavan,16
Dhumra,Gadgada,2
Dhumra,Hanuman,1
Dhumra,Kesari,1
Dhumra,Rama,2
Dhruva,Parasurama,1
Dhruva,Shukra,1
Dhruva,Ikshvaku,1
Dhruva,Trishanku,1
Shukra,Parasurama,2
Surpanakha,Rama,12
Surpanakha,Khara,4
Surpanakha,Dushana,3
Surpanakha,Ravana,5
Surpanakha,Sita,2
Surpanakha,Sarabhanga,1
Surpanakha,Lakshmana,2
Surpanakha,Trishira,1
Surpanakha,Maricha,2
Matta,Ravana,5
Matta,Yuddhonmatta,3
Matta,Devantaka,2
Matta,Narantaka,2
Matta,Mahaparshva,6
Matta,Airavata,1
Matta,Mahapadma,1
Matta,Saarvabhauma,1
Matta,Rishabha,1
Matta,Atikaya,9
Matta,Yuddhotama,3
Matta,Mahodara,3
Matta,Hanuman,4
Matta,Lakshmana,1
Matta,Angada,1
Matta,Nikumbha,2
Matta,Kumbha,2
Matta,Kumbhakarna,2
Matta,Rama,1
Bheda,Sama,1
Bheda,Dana,1
Hayagriva,Indra,1
Hayagriva,Shiva,1
Hayagriva,Tripura,1
Hayagriva,Yama,1
Punnaga,Sala,4
Punnaga,Tala,4
Punnaga,Samala,4
Punnaga,Tamala,4
Punnaga,Nagamala,4
Punnaga,Indra,3
Anaranya,Ravana,4
Anaranya,Dasharatha,2
Anaranya,Rama,2
Anaranya,Ikshvaku,2
Prahlada,Ravana,1
Prahlada,Kumbha,3
Prahlada,Vali,1
Prahlada,Indra,1
Prahlada,Kubera,1
Prahlada,Varuna,1
Mandodari,Maya,1
Mandodari,Ravana,93
Mandodari,Madhu,1
Mandodari,Indrajit,3
Mandodari,Rama,8
Mandodari,Vishrava,1
Mandodari,Sita,5
Mandodari,Indra,2
Mandodari,Lakshmana,2
Mandodari,Maricha,1
Mandodari,Kumbhakarna,1
Mandodari,Malyavan,3
Mandodari,Daksha,4
Mandodari,Devi,1
Mandodari,Vibhishana,2
Mandodari,Suryasatru,1
Karnakara,Nagamala,4
Karnakara,Hintala,4
Karnakara,Arjuna,4
Karnakara,Neepa,4
Karnakara,Saptaparni,4
Karnakara,Tilaka,4
Mahapadma,Vrinda,5
Mahapadma,Padmas,5
Mahapadma,Samudra,5
Mahapadma,Ogha,5
Mahapadma,Airavata,3
Mahapadma,Saarvabhauma,3
Mahapadma,Mahaparshva,2
Kharva,Padmas,12
Kharva,Padma,4
Kharva,Samudra,4
Gautama,Vasishta,2
Gautama,Jabali,2
Gautama,Kasyapa,2
Gautama,Katyayana,2
Gautama,Suyajna,2
Gautama,Vijaya,2
Gautama,Rama,2
Gautama,Indra,1
Saptaparni,Nagamala,4
Saptaparni,Hintala,4
Saptaparni,Arjuna,4
Saptaparni,Neepa,4
Saptaparni,Tilaka,4
Saptaparni,Sugriva,1
Narantaka,Rama,1
Narantaka,Indra,5
Narantaka,Prahasta,10
Narantaka,Devantaka,13
Narantaka,Athiratha,1
Narantaka,Akampana,6
Narantaka,Kumbhahanu,2
Narantaka,Mahanada,2
Narantaka,Samunnata,2
Narantaka,Dvivida,1
Narantaka,Ravana,6
Narantaka,Trishira,7
Narantaka,Atikaya,6
Narantaka,Mahodara,6
Narantaka,Mahaparshva,2
Narantaka,Ucchaisrava,2
Narantaka,Shiva,1
Narantaka,Sugriva,4
Narantaka,Angada,29
Narantaka,Vali,1
Narantaka,Vidyujihva,5
Narantaka,Dwijihva,5
Narantaka,Suryasatru,5
Narantaka,Suparshva,5
Narantaka,Chakramali,5
Narantaka,Kampana,5
Narantaka,Nikumbha,5
Narantaka,Kumbhakarna,5
Narantaka,Indrajit,1
Narantaka,Vibhishana,1
Narantaka,Hanuman,4
Narantaka,Lakshmana,2
Narantaka,Vikata,1
Narantaka,Virupaksha,1
Narantaka,Yuddhonmatta,1
Narantaka,Kumbha,1
Shardula,Sugriva,2
Shardula,Ravana,9
Shardula,Suka,1
Shardula,Vibhishana,2
Shardula,Rama,2
Shardula,Dasharatha,1
Shardula,Sita,1
Shardula,Angada,2
Shardula,Indra,2
Vegadarsa,Jambavan,9
Vegadarsa,Sushena,10
Vegadarsa,Sugriva,8
Vegadarsa,Yama,1
Vegadarsa,Dadhimukha,5
Vegadarsa,Sumukha,1
Vegadarsa,Durmukha,1
Vegadarsa,Brahma,1
Vegadarsa,Hanuman,10
Vegadarsa,Angada,7
Vegadarsa,Mainda,6
Vegadarsa,Dvivida,6
Vegadarsa,Nila,6
Vegadarsa,Gavaksha,6
Vegadarsa,Vidyuddhamshtra,4
Vegadarsa,Suryanana,4
Vegadarsa,Jyothimukha,6
Vegadarsa,Nala,6
Vegadarsa,Kumuda,4
Vegadarsa,Vibhishana,3
Vegadarsa,Sarabha,2
Vegadarsa,Ahuka,2
Vegadarsa,Panasa,2
Vegadarsa,Indrajit,1
Vegadarsa,Kumbhakarna,1
Vegadarsa,Garuda,1
Vegadarsa,Rishabha,3
Gadgada,Jambavan,2
Gadgada,Hanuman,1
Gadgada,Kesari,1
Brihaspati,Vibhishana,1
Brihaspati,Hanuman,1
Brihaspati,Kesari,1
Brihaspati,Sushena,1
Kartavirya,Lakshmana,1
Kartavirya,Indra,1
Kubera,Yama,14
Kubera,Angada,1
Kubera,Saarvabhauma,1
Kubera,Ravana,26
Kubera,Shiva,3
Kubera,Lakshmana,3
Kubera,Indra,16
Kubera,Varuna,11
Kubera,Prahasta,1
Kubera,Manibhadra,1
Kubera,Jambu,6
Kubera,Krathana,2
Kubera,Sita,6
Kubera,Rama,21
Kubera,Nandana,1
Kubera,Kumbhakarna,1
Kubera,Mahaparshva,1
Kubera,Vibhishana,8
Kubera,Brahma,7
Kubera,Kumbha,3
Kubera,Vali,1
Kubera,Indrajit,1
Kubera,Vishnu,1
Kubera,Chandra,1
Kubera,Vishrava,2
Kubera,Pushpaka,8
Kubera,Hanuman,2
Kaliyuga,Ravana,2
Kumbhinasi,Ravana,2
Kesari,Satabali,1
Kesari,Panasa,1
Kesari,Gaja,1
Kesari,Atibala,1
Kesari,Surya,1
Kesari,Hanuman,5
Kesari,Sushena,1
Kesari,Angada,1
Kesari,Mainda,1
Kesari,Dvivida,1
Kesari,Sampati,1
Kesari,Gava,1
Kesari,Gavaksha,1
Kesari,Sarabha,1
Mahakaya,Yamasatru,3
Mahakaya,Mahaparshva,3
Mahakaya,Mahodara,3
Mahakaya,Vajradamshtra,3
Mahakaya,Suka,3
Mahakaya,Sarana,3
Ikshvaku,Trishanku,1
Ikshvaku,Vasishta,1
Ikshvaku,Dasharatha,6
Ikshvaku,Sagara,1
Ikshvaku,Rama,10
Ikshvaku,Ravana,4
Ikshvaku,Kumbhakarna,3
Ikshvaku,Vibhishana,4
Ikshvaku,Lakshmana,7
Ikshvaku,Kaikeyi,3
Ikshvaku,Sumitra,3
Ikshvaku,Shatrughna,1
Vasuki,Ravana,2
Vasuki,Takshaka,1
Vasuki,Shanka,1
Vasuki,Jati,1
Vasuki,Kumbha,2
Vasuki,Nikumbha,1
Vasuki,Kumbhakarna,2
Vasuki,Rama,5
Vasuki,Lakshmana,2
Gavaksha,Gaja,17
Gavaksha,Gavaya,9
Gavaksha,Rishabha,5
Gavaksha,Golangula,6
Gavaksha,Satabali,3
Gavaksha,Nila,22
Gavaksha,Sushena,15
Gavaksha,Kumuda,13
Gavaksha,Nala,17
Gavaksha,Sarabha,24
Gavaksha,Mainda,19
Gavaksha,Dvivida,19
Gavaksha,Indra,8
Gavaksha,Yama,3
Gavaksha,Vibhishana,6
Gavaksha,Vali,4
Gavaksha,Angada,16
Gavaksha,Panasa,7
Gavaksha,Hanuman,10
Gavaksha,Pramathi,1
Gavaksha,Rama,2
Gavaksha,Lakshmana,1
Gavaksha,Sugriva,9
Gavaksha,Gava,2
Gavaksha,Ravana,1
Gavaksha,Indrajit,5
Gavaksha,Sampati,1
Gavaksha,Sudamshtra,1
Gavaksha,Jyothimukha,7
Gavaksha,Mahabala,1
Gavaksha,Kumbhakarna,6
Gavaksha,Jambavan,9
Gavaksha,Vidyuddhamshtra,4
Gavaksha,Suryanana,4
Gavaksha,Dadhimukha,4
Gavaksha,Ahuka,2
Gavaksha,Mahaparshva,1
Gavaksha,Kaikeyi,1
Gavaksha,Bharata,2
Jambavan,Angada,35
Jambavan,Dvivida,17
Jambavan,Mainda,17
Jambavan,Panasa,8
Jambavan,Nala,13
Jambavan,Nila,26
Jambavan,Ravana,9
Jambavan,Saarvabhauma,1
Jambavan,Sushena,29
Jambavan,Sugriva,27
Jambavan,Rishabha,13
Jambavan,Vibhishana,31
Jambavan,Rama,24
Jambavan,Lakshmana,15
Jambavan,Indra,8
Jambavan,Vali,9
Jambavan,Hanuman,62
Jambavan,Kumuda,14
Jambavan,Sarabha,9
Jambavan,Shiva,5
Jambavan,Rambhu,4
Jambavan,Durmukha,4
Jambavan,Satabali,7
Jambavan,Vinata,2
Jambavan,Sanuprastha,5
Jambavan,Indrajit,4
Jambavan,Gava,3
Jambavan,Rambha,3
Jambavan,Prithu,3
Jambavan,Samunnata,1
Jambavan,Mahanada,1
Jambavan,Gaja,1
Jambavan,Vidyuddhamshtra,4
Jambavan,Suryanana,4
Jambavan,Jyothimukha,4
Jambavan,Dadhimukha,4
Jambavan,Brahma,2
Jambavan,Anjana,1
Jambavan,Supraja,1
Jambavan,Kumbhakarna,1
Jambavan,Mahaparshva,2
Jambavan,Sandhani,2
Jambavan,Sita,1
Jambavan,Bharata,3
Jambavan,Kaikeyi,1
Jambavan,Garuda,1
Kartikeya,Tataka,2
Kartikeya,Sarabha,2
Kartikeya,Vinata,2
Kartikeya,Hanuman,2
Kartikeya,Sanuprastha,2
Kartikeya,Rishabha,4
Kartikeya,Rama,1
Kartikeya,Sushena,1
Kartikeya,Vishnu,1
Kartikeya,Krishna,1
Suparshva,Praghasa,5
Suparshva,Prajaghna,5
Suparshva,Jaghan,5
Suparshva,Durdarsha,5
Suparshva,Agniketu,5
Suparshva,Rashmiketu,5
Suparshva,Vidyujihva,5
Suparshva,Dwijihva,5
Suparshva,Suryasatru,5
Suparshva,Akampana,5
Suparshva,Chakramali,5
Suparshva,Kampana,5
Suparshva,Devantaka,5
Suparshva,Sita,2
Suparshva,Ravana,2
Gaja,Gavaya,8
Gaja,Panasa,4
Gaja,Atibala,1
Gaja,Surya,1
Gaja,Satabali,3
Gaja,Nila,10
Gaja,Sushena,8
Gaja,Kumuda,8
Gaja,Nala,8
Gaja,Sarabha,12
Gaja,Mainda,12
Gaja,Dvivida,11
Gaja,Indra,3
Gaja,Yama,3
Gaja,Vibhishana,4
Gaja,Vali,3
Gaja,Angada,4
Gaja,Rishabha,1
Gaja,Hanuman,2
Gaja,Pramathi,1
Gaja,Praghasa,1
Gaja,Gava,1
Gaja,Ravana,2
Gaja,Jambumali,1
Gaja,Mitraghna,1
Gaja,Tapa,1
Gaja,Nikumbha,1
Gaja,Sugriva,1
Gaja,Indrajit,2
Jayanta,Shatrughna,3
Jayanta,Dhrishta,2
Jayanta,Vijaya,2
Jayanta,Siddhartha,2
Jayanta,Mantrapala,2
Mitraghna,Hanuman,1
Mitraghna,Jambumali,1
Mitraghna,Vibhishana,1
Mitraghna,Ravana,1
Mitraghna,Tapa,1
Mitraghna,Nila,1
Mitraghna,Nikumbha,1
Mahanada,Prahasta,5
Mahanada,Kumbhahanu,4
Mahanada,Samunnata,3
Mahanada,Tara,1
Yamuna,Lakshmana,1
Yamuna,Rama,2
Yamuna,Sita,1
Yamuna,Bharadwaja,1
Yamuna,Ganga,3
Yamuna,Guha,2
Yamuna,Hanuman,1
Manorama,Madhavi,6
Manorama,Kunda,6
Rahu,Kumbhakarna,3
Rahu,Rama,6
Rahu,Atikaya,3
Rahu,Ravana,5
Rahu,Lakshmana,3
Rahu,Vibhishana,2
Kumbhakarna,Nikumbha,12
Kumbhakarna,Ravana,171
Kumbhakarna,Sita,5
Kumbhakarna,Rama,118
Kumbhakarna,Indrajit,7
Kumbhakarna,Indra,44
Kumbhakarna,Vibhishana,6
Kumbhakarna,Mahaparshva,1
Kumbhakarna,Mahodara,33
Kumbhakarna,Kumbha,15
Kumbhakarna,Prahasta,19
Kumbhakarna,Trishira,2
Kumbhakarna,Brahma,25
Kumbhakarna,Lakshmana,33
Kumbhakarna,Yupaksha,5
Kumbhakarna,Yama,6
Kumbhakarna,Vishrava,4
Kumbhakarna,Airavata,3
Kumbhakarna,Dasharatha,1
Kumbhakarna,Hanuman,23
Kumbhakarna,Dwijihva,1
Kumbhakarna,Vitardana,1
Kumbhakarna,Vishnu,2
Kumbhakarna,Sala,3
Kumbhakarna,Garuda,3
Kumbhakarna,Dvivida,3
Kumbhakarna,Nila,6
Kumbhakarna,Rishabha,7
Kumbhakarna,Sarabha,3
Kumbhakarna,Angada,19
Kumbhakarna,Vali,9
Kumbhakarna,Sugriva,46
Kumbhakarna,Shiva,1
Kumbhakarna,Viradha,3
Kumbhakarna,Vijeya,4
Kumbhakarna,Kabandha,4
Kumbhakarna,Maricha,5
Kumbhakarna,Vritra,1
Kumbhakarna,Sonitaksha,2
Kumbhakarna,Prajangha,2
Kumbhakarna,Kampana,2
Kumbhakarna,Sushena,1
Kumbhakarna,Aswakarna,1
Kumbhakarna,Jambumali,5
Kumbhakarna,Mahamali,5
Kumbhakarna,Teekshanavega,5
Kumbhakarna,Asaniprabha,5
Kumbhakarna,Suptaghna,5
Kumbhakarna,Yagnakopa,5
Kumbhakarna,Devantaka,4
Kumbhakarna,Atikaya,2
Kumbhakarna,Khara,1
Kumbhakarna,Yuddhonmatta,2
Kumbhakarna,Vajradamshtra,2
Kumbhakarna,Damshtra,2
Naraka,Garuda,1
Naraka,Sambara,1
Naraka,Vishnu,1
Naraka,Rama,1
Naraka,Trishira,1
Naraka,Ravana,1
Chakramali,Prajaghna,5
Chakramali,Jaghan,5
Chakramali,Durdarsha,5
Chakramali,Agniketu,5
Chakramali,Rashmiketu,5
Chakramali,Vidyujihva,5
Chakramali,Dwijihva,5
Chakramali,Suryasatru,5
Chakramali,Akampana,5
Chakramali,Kampana,5
Chakramali,Devantaka,5
Madhavi,Kunda,6
Madhavi,Bakula,6
Golangula,Rama,2
Golangula,Sarabha,1
Golangula,Indrajit,1
Golangula,Vali,1
Golangula,Angada,1
Golangula,Ravana,1
Golangula,Nila,1
Golangula,Nala,1
Golangula,Sugriva,1
Mrtasanjivani,Visalyakarani,2
Mrtasanjivani,Brahma,1
Mrtasanjivani,Suvarnakarani,1
Mrtasanjivani,Sandhani,4
Mrtasanjivani,Hanuman,4
Mrtasanjivani,Lakshmana,3
Mrtasanjivani,Savarankarani,3
Mrtasanjivani,Sarvakarani,3
Mrtasanjivani,Sushena,1
Jati,Ravana,2
Jati,Takshaka,1
Jati,Shanka,1
Atri,Sita,2
Atri,Anasuya,1
Drona,Chandra,1
Dhrishta,Shatrughna,3
Dhrishta,Vijaya,2
Dhrishta,Siddhartha,2
Dhrishta,Mantrapala,3
Vidyujihva,Ravana,12
Vidyujihva,Sita,6
Vidyujihva,Janaka,1
Vidyujihva,Rama,5
Vidyujihva,Arigna,5
Vidyujihva,Vikata,5
Vidyujihva,Tapana,5
Vidyujihva,Dama,5
Vidyujihva,Praghasa,10
Vidyujihva,Prajaghna,6
Vidyujihva,Jaghan,5
Vidyujihva,Durdarsha,5
Vidyujihva,Agniketu,5
Vidyujihva,Rashmiketu,5
Vidyujihva,Dwijihva,5
Vidyujihva,Suryasatru,6
Vidyujihva,Akampana,5
Vidyujihva,Kampana,5
Vidyujihva,Devantaka,5
Vidyujihva,Sonitaksha,1
Vidyujihva,Dvivida,1
Vidyujihva,Yupaksha,1
Vidyujihva,Mainda,1
Vidyujihva,Angada,1
Vidyujihva,Yagnasatru,1
Vidyujihva,Suptaghna,1
Yupaksha,Ravana,1
Yupaksha,Kumbha,1
Yupaksha,Nikumbha,1
Yupaksha,Sonitaksha,10
Yupaksha,Prajangha,1
Yupaksha,Kampana,1
Yupaksha,Angada,7
Yupaksha,Prajaghna,4
Yupaksha,Dvivida,12
Yupaksha,Mainda,6
Yupaksha,Rama,1
Yupaksha,Akampana,1
Yupaksha,Yagnasatru,1
Jaghan,Asaniprabha,5
Jaghan,Suptaghna,5
Jaghan,Yagnakopa,5
Jaghan,Vajradamshtra,5
Jaghan,Arigna,5
Jaghan,Vikata,5
Jaghan,Tapana,5
Jaghan,Dama,5
Jaghan,Praghasa,10
Jaghan,Prajaghna,5
Jaghan,Durdarsha,5
Jaghan,Agniketu,5
Jaghan,Rashmiketu,5
Jaghan,Dwijihva,5
Jaghan,Suryasatru,5
Jaghan,Akampana,5
Rishabha,Ravana,10
Rishabha,Rama,8
Rishabha,Nila,16
Rishabha,Kumuda,9
Rishabha,Sugriva,5
Rishabha,Sushena,12
Rishabha,Nikumbha,5
Rishabha,Suryasatru,5
Rishabha,Suptaghna,5
Rishabha,Yagnaha,5
Rishabha,Mahaparshva,27
Rishabha,Mahodara,7
Rishabha,Durdarsha,5
Rishabha,Agniketu,5
Rishabha,Rashmiketu,5
Rishabha,Hanuman,19
Rishabha,Angada,13
Rishabha,Mainda,7
Rishabha,Dvivida,7
Rishabha,Panasa,6
Rishabha,Shiva,5
Rishabha,Rambhu,4
Rishabha,Durmukha,4
Rishabha,Satabali,7
Rishabha,Gavaya,2
Rishabha,Pramathi,1
Rishabha,Sarabha,10
Rishabha,Vinata,4
Rishabha,Sanuprastha,7
Rishabha,Nala,5
Rishabha,Gava,3
Rishabha,Rambha,4
Rishabha,Prithu,3
Rishabha,Sudamshtra,1
Rishabha,Jyothimukha,1
Rishabha,Vali,1
Rishabha,Tara,1
Rishabha,Indrajit,2
Rishabha,Vikata,2
Rishabha,Virupaksha,2
Rishabha,Akampana,2
Rishabha,Trishira,2
Rishabha,Bharata,3
Rishabha,Kaikeyi,1
Rishabha,Garuda,1
Jambumali,Prajangha,2
Jambumali,Hanuman,3
Jambumali,Vibhishana,1
Jambumali,Ravana,1
Jambumali,Sampati,1
Jambumali,Aswakarna,1
Jambumali,Nala,2
Jambumali,Sushena,5
Jambumali,Vidyunmali,2
Jambumali,Prahasta,5
Jambumali,Nikumbha,5
Jambumali,Kumbha,5
Jambumali,Mahamali,5
Jambumali,Teekshanavega,5
Jambumali,Asaniprabha,5
Jambumali,Suptaghna,5
Jambumali,Yagnakopa,5
Jambumali,Vajradamshtra,5
Jambumali,Arigna,5
Jambumali,Vikata,5
Jambumali,Tapana,5
Jambumali,Dama,5
Jambumali,Praghasa,10
Suryasatru,Nikumbha,5
Suryasatru,Suptaghna,6
Suryasatru,Yagnaha,5
Suryasatru,Mahaparshva,5
Suryasatru,Mahodara,5
Suryasatru,Durdarsha,10
Suryasatru,Agniketu,10
Suryasatru,Rashmiketu,10
Suryasatru,Ravana,9
Suryasatru,Tapana,5
Suryasatru,Dama,5
Suryasatru,Praghasa,10
Suryasatru,Prajaghna,5
Suryasatru,Dwijihva,5
Suryasatru,Akampana,5
Suryasatru,Kampana,5
Suryasatru,Devantaka,5
Suryasatru,Angada,1
Suryasatru,Yagnasatru,1
Sachi,Lakshmana,1
Sachi,Indra,2
Sachi,Hanuman,2
Sachi,Rama,2
Sachi,Sita,1
Sachi,Kaikeyi,1
Sambara,Brahma,1
Sambara,Indra,2
Sambara,Vritra,1
Sambara,Garuda,1
Sambara,Vishnu,1
Sambara,Rama,1
Vayu,Garuda,1
Vayu,Hanuman,1
Vayu,Lakshmana,4
Vayu,Chandra,1
Vayu,Varuna,1
Vayu,Indra,1
Vayu,Manu,1
Kumbha,Indrajit,1
Kumbha,Mahaparshva,1
Kumbha,Mahodara,1
Kumbha,Nikumbha,13
Kumbha,Atikaya,1
Kumbha,Rama,4
Kumbha,Ravana,10
Kumbha,Trishira,1
Kumbha,Sonitaksha,1
Kumbha,Prajangha,1
Kumbha,Kampana,1
Kumbha,Indra,6
Kumbha,Dvivida,2
Kumbha,Mainda,6
Kumbha,Angada,18
Kumbha,Sugriva,29
Kumbha,Vali,3
Kumbha,Varuna,6
Kumbha,Shiva,1
Kumbha,Prahasta,5
Kumbha,Mahamali,5
Kumbha,Teekshanavega,5
Kumbha,Asaniprabha,5
Kumbha,Suptaghna,5
Kumbha,Yagnakopa,5
Kumbha,Vajradamshtra,7
Kumbha,Arigna,5
Kumbha,Hanuman,3
Kumbha,Yuddhonmatta,2
Kumbha,Damshtra,2
Dushana,Rama,13
Dushana,Khara,12
Dushana,Trishira,4
Dushana,Viradha,4
Dushana,Kabandha,5
Dushana,Lakshmana,1
Dushana,Ravana,3
Dushana,Maricha,3
Virochana,Ravana,1
Virochana,Vishnu,1
Virochana,Rama,1
Arundhati,Sita,3
Arundhati,Rohini,1
Arundhati,Ravana,3
Trishanku,Vasishta,1
Vajrahanu,Lakshmana,3
Vajrahanu,Hanuman,2
Vajrahanu,Sugriva,3
Vajrahanu,Rama,2
Vajrahanu,Angada,1
Indrajit,Ravana,126
Indrajit,Shiva,4
Indrajit,Suptaghna,5
Indrajit,Yagnaha,5
Indrajit,Mahaparshva,9
Indrajit,Mahodara,9
Indrajit,Durdarsha,5
Indrajit,Agniketu,5
Indrajit,Rashmiketu,5
Indrajit,Virupaksha,5
Indrajit,Prahasta,10
Indrajit,Vajradamshtra,5
Indrajit,Dhumraksha,5
Indrajit,Durmukha,5
Indrajit,Indra,28
Indrajit,Nikumbha,3
Indrajit,Atikaya,3
Indrajit,Trishira,1
Indrajit,Rama,108
Indrajit,Mahamaya,2
Indrajit,Suka,1
Indrajit,Sarana,1
Indrajit,Angada,16
Indrajit,Vali,3
Indrajit,Prajangha,1
Indrajit,Sampati,1
Indrajit,Lakshmana,188
Indrajit,Sugriva,10
Indrajit,Vibhishana,43
Indrajit,Sushena,2
Indrajit,Yama,8
Indrajit,Brahma,9
Indrajit,Nila,9
Indrajit,Mainda,9
Indrajit,Dvivida,8
Indrajit,Hanuman,34
Indrajit,Sarabha,2
Indrajit,Dasharatha,3
Indrajit,Sita,35
Indrajit,Trijata,2
Indrajit,Pushpaka,1
Indrajit,Varuna,6
Indrajit,Garuda,1
Indrajit,Kadru,1
Indrajit,Vishnu,4
Indrajit,Mitra,2
Indrajit,Agni,2
Indrajit,Sona,1
Indrajit,Nala,7
Indrajit,Vidyuddhamshtra,3
Indrajit,Suryanana,3
Indrajit,Jyothimukha,4
Indrajit,Dadhimukha,3
Indrajit,Kumuda,4
Indrajit,Ahuka,1
Indrajit,Panasa,1
Indrajit,Vritra,1
Indrajit,Khara,1
Indrajit,Vidyunmali,1
Indrajit,Vikata,1
Veerabahu,Subahu,1
Veerabahu,Nala,1
Jwara,Ravana,3
Hanuman,Rama,174
Hanuman,Garuda,12
Hanuman,Sugriva,91
Hanuman,Sita,119
Hanuman,Lakshmana,63
Hanuman,Raghu,2
Hanuman,Airavata,1
Hanuman,Angada,47
Hanuman,Indra,21
Hanuman,Ravana,113
Hanuman,Janaka,15
Hanuman,Prahasta,3
Hanuman,Vibhishana,67
Hanuman,Mainda,21
Hanuman,Varuna,2
Hanuman,Dhumaketu,1
Hanuman,Vali,9
Hanuman,Sushena,28
Hanuman,Nila,33
Hanuman,Kumuda,16
Hanuman,Nala,12
Hanuman,Kaikeyi,3
Hanuman,Mahaparshva,1
Hanuman,Mahodara,3
Hanuman,Dvivida,16
Hanuman,Panasa,6
Hanuman,Shiva,6
Hanuman,Rambhu,4
Hanuman,Gavaya,1
Hanuman,Pramathi,1
Hanuman,Praghasa,1
Hanuman,Sampati,1
Hanuman,Prajangha,1
Hanuman,Sarabha,9
Hanuman,Vinata,2
Hanuman,Sanuprastha,5
Hanuman,Gava,3
Hanuman,Rambha,4
Hanuman,Satabali,3
Hanuman,Prithu,3
Hanuman,Dhumraksha,13
Hanuman,Akampana,23
Hanuman,Namuchi,1
Hanuman,Aswakarna,4
Hanuman,Aksha,3
Hanuman,Yama,4
Hanuman,Vishnu,10
Hanuman,Tara,1
Hanuman,Guha,5
Hanuman,Trishira,32
Hanuman,Devantaka,11
Hanuman,Vidyuddhamshtra,4
Hanuman,Suryanana,4
Hanuman,Jyothimukha,5
Hanuman,Brahma,2
Hanuman,Ahuka,3
Hanuman,Anjana,1
Hanuman,Supraja,1
Hanuman,Agni,2
Hanuman,Visalyakarani,1
Hanuman,Suvarnakarani,1
Hanuman,Sandhani,4
Hanuman,Nikumbha,17
Hanuman,Savarankarani,3
Hanuman,Sarvakarani,3
Hanuman,Visalakarani,2
Hanuman,Rohini,3
Hanuman,Devi,2
Hanuman,Lakshmi,1
Hanuman,Pushpalata,1
Hanuman,Vidyunmali,1
Hanuman,Atikaya,4
Hanuman,Vikata,1
Hanuman,Yuddhonmatta,2
Hanuman,Vajradamshtra,2
Hanuman,Damshtra,2
Hanuman,Bharata,37
Hanuman,Dasharatha,1
Hanuman,Ganga,1
Hanuman,Bharadwaja,2
Hanuman,Parasurama,1
Hanuman,Valukini,1
Hanuman,Varuthini,1
Aksha,Ravana,3
Aksha,Rama,1
Anala,Ravana,1
Anala,Vibhishana,1
Anala,Sarabha,1
Anala,Sampati,1
Anala,Praghasa,1
Nandana,Indra,1
Vishwakarma,Ravana,2
Vishwakarma,Rama,6
Vishwakarma,Nala,51
Vishwakarma,Varuna,2
Vishwakarma,Durdhara,2
Vishwakarma,Vasu,2
Vishwakarma,Sweta,1
Vishwakarma,Jyothimukha,1
Vishwakarma,Vibhishana,1
Vishwakarma,Pushpaka,6
Vishwakarma,Sita,1
Samudra,Ogha,13
Samudra,Padmas,5
Aja,Dasharatha,1
Tvashta,Trishira,2
Tvashta,Indra,3
Tvashta,Vishwarupa,1
Tvashta,Atikaya,1
Tvashta,Lakshmana,1
Kaikasi,Ravana,2
Kaikasi,Sita,2
Kaikasi,Aviddha,1
Surya,Panasa,1
Surya,Atibala,1
Surya,Sushena,1
Surya,Rama,2
Surya,Aditi,1
Sarana,Ravana,25
Sarana,Suka,24
Sarana,Rama,10
Sarana,Vibhishana,2
Sarana,Sugriva,1
Sarana,Sita,26
Sarana,Garuda,1
Sarana,Vishnu,1
Sarana,Lakshmi,1
Sarana,Mahamaya,1
Sarana,Mahaparshva,3
Sarana,Mahodara,3
Sarana,Vajradamshtra,3
Jyothimukha,Sweta,2
Jyothimukha,Varuna,2
Jyothimukha,Nala,9
Jyothimukha,Durdhara,1
Jyothimukha,Vasu,1
Jyothimukha,Gavaya,1
Jyothimukha,Sudamshtra,1
Jyothimukha,Sugriva,7
Jyothimukha,Angada,7
Jyothimukha,Sushena,6
Jyothimukha,Mainda,6
Jyothimukha,Dvivida,6
Jyothimukha,Nila,7
Jyothimukha,Vidyuddhamshtra,4
Jyothimukha,Suryanana,4
Jyothimukha,Dadhimukha,4
Jyothimukha,Kumuda,4
Jyothimukha,Sarabha,2
Jyothimukha,Ahuka,2
Jyothimukha,Panasa,2
Jyothimukha,Vibhishana,1
Mantrapala,Shatrughna,3
Mantrapala,Vijaya,2
Mantrapala,Siddhartha,2
Siddhartha,Shatrughna,3
Siddhartha,Vijaya,3
Siddhartha,Dasharatha,1
Siddhartha,Vasishta,1
Siddhartha,Rama,1
Gavaya,Satabali,3
Gavaya,Nila,3
Gavaya,Mainda,3
Gavaya,Dvivida,3
Gavaya,Sarabha,3
Gavaya,Yama,3
Gavaya,Angada,1
Gavaya,Pramathi,1
Gavaya,Praghasa,1
Gavaya,Sudamshtra,1
Gavaya,Nala,1
Gavaya,Varuna,1
Vibhishana,Lakshmana,133
Vibhishana,Sugriva,102
Vibhishana,Sita,48
Vibhishana,Rama,417
Vibhishana,Dasharatha,7
Vibhishana,Ravana,268
Vibhishana,Sukha,3
Vibhishana,Prahasta,18
Vibhishana,Dharma,1
Vibhishana,Mahodara,1
Vibhishana,Angada,23
Vibhishana,Sarabha,10
Vibhishana,Mainda,11
Vibhishana,Kandu,1
Vibhishana,Indra,13
Vibhishana,Sagara,2
Vibhishana,Suka,2
Vibhishana,Ogha,5
Vibhishana,Durdhara,1
Vibhishana,Vasu,1
Vibhishana,Vali,6
Vibhishana,Sushena,9
Vibhishana,Dvivida,8
Vibhishana,Kumuda,5
Vibhishana,Sampati,1
Vibhishana,Praghasa,1
Vibhishana,Nila,8
Vibhishana,Panasa,2
Vibhishana,Shiva,2
Vibhishana,Bharata,12
Vibhishana,Nala,2
Vibhishana,Prajangha,1
Vibhishana,Tapa,1
Vibhishana,Atibala,1
Vibhishana,Yama,3
Vibhishana,Punarvasu,1
Vibhishana,Atikaya,2
Vibhishana,Brahma,3
Vibhishana,Ahuka,3
Vibhishana,Anjana,2
Vibhishana,Supraja,2
Vibhishana,Sumitra,3
Vibhishana,Vritra,1
Vibhishana,Budha,1
Vibhishana,Rohini,1
Vibhishana,Maricha,1
Vibhishana,Malyavan,2
Vibhishana,Shatrughna,4
Vibhishana,Pushpaka,13
Vibhishana,Guha,1
Vibhishana,Kausalya,2
Raghu,Sugriva,2
Raghu,Sita,4
Raghu,Rama,14
Raghu,Lakshmana,8
Raghu,Indra,1
Raghu,Ravana,2
Raghu,Sushena,1
Takshaka,Ravana,2
Takshaka,Shanka,1
Takshaka,Sita,1
Virupaksha,Yagnaha,5
Virupaksha,Mahaparshva,13
Virupaksha,Mahodara,13
Virupaksha,Durdarsha,5
Virupaksha,Agniketu,6
Virupaksha,Rashmiketu,6
Virupaksha,Ravana,16
Virupaksha,Prahasta,5
Virupaksha,Vajradamshtra,5
Virupaksha,Dhumraksha,5
Virupaksha,Durmukha,5
Virupaksha,Nikumbha,1
Virupaksha,Sugriva,23
Virupaksha,Praghasa,1
Virupaksha,Lakshmana,2
Virupaksha,Suptaghna,1
Virupaksha,Yajnakepu,1
Virupaksha,Indra,4
Virupaksha,Vikata,2
Virupaksha,Angada,3
Virupaksha,Nila,2
Virupaksha,Akampana,2
Mainda,Angada,30
Mainda,Dvivida,60
Mainda,Panasa,15
Mainda,Nala,20
Mainda,Nila,32
Mainda,Ravana,6
Mainda,Sushena,21
Mainda,Kumuda,22
Mainda,Sarabha,17
Mainda,Indra,3
Mainda,Darimukha,1
Mainda,Vali,4
Mainda,Sugriva,14
Mainda,Rama,12
Mainda,Shiva,6
Mainda,Rambhu,4
Mainda,Durmukha,4
Mainda,Satabali,4
Mainda,Rashmiketu,1
Mainda,Suptaghna,2
Mainda,Yajnakepu,1
Mainda,Vajramushti,2
Mainda,Sampati,1
Mainda,Gava,1
Mainda,Rambha,1
Mainda,Tara,1
Mainda,Atikaya,1
Mainda,Vidyuddhamshtra,4
Mainda,Suryanana,4
Mainda,Dadhimukha,4
Mainda,Ahuka,2
Mainda,Sonitaksha,10
Mainda,Prajaghna,4
Mainda,Akampana,1
Mainda,Yagnasatru,1
Mainda,Bharata,3
Mainda,Kaikeyi,1
Vali,Rama,32
Vali,Ravana,13
Vali,Angada,52
Vali,Sugriva,35
Vali,Varuna,2
Vali,Nala,2
Vali,Indra,10
Vali,Sarabha,5
Vali,Sushena,5
Vali,Dvivida,3
Vali,Kumuda,4
Vali,Prahasta,1
Vali,Mahaparshva,2
Vali,Mahodara,1
Vali,Satabali,1
Vali,Tara,2
Vali,Shiva,1
Vali,Sampati,1
Vali,Dasharatha,2
Vali,Lakshmana,2
Vali,Brahma,1
Vali,Vajradamshtra,8
Vali,Nila,1
Vali,Rambha,1
Vali,Viradha,1
Vali,Vijeya,1
Vali,Kabandha,7
Vali,Maricha,1
Vali,Sala,4
Vali,Devantaka,3
Vali,Vishnu,3
Vali,Sonitaksha,4
Vali,Sona,1
Vali,Prajaghna,1
Vali,Sita,27
Vali,Lakshmi,1
Vali,Pampa,7
Vali,Bharata,1
Tilaka,Bakula,7
Tilaka,Tinisa,1
Tilaka,Arjuna,10
Tilaka,Simsupa,6
Tilaka,Nagamala,4
Tilaka,Hintala,4
Tilaka,Neepa,4
Vrinda,Sugriva,1
Vrinda,Sanku,12
Vrinda,Shanka,8
Vrinda,Padma,12
Vrinda,Padmas,9
Manibhadra,Prahasta,1
Manibhadra,Ravana,1
Matali,Indra,10
Matali,Rama,39
Matali,Ravana,9
Matali,Brahma,3
Matali,Agastya,1
Matali,Lakshmana,1
Matali,Sita,1
Matali,Sugriva,2
Pampa,Rama,10
Pampa,Sita,20
Pampa,Sabari,2
Pampa,Kabandha,7
Pampa,Maricha,6
Pampa,Sugriva,6
Pratapana,Dvivida,1
Pratapana,Nala,1
Pratapana,Sushena,1
Sumitra,Sita,1
Sumitra,Rama,25
Sumitra,Kausalya,11
Sumitra,Kaikeyi,12
Sumitra,Lakshmana,16
Sumitra,Shatrughna,1
Sumitra,Bharata,8
Sumitra,Ravana,1
Sumitra,Sushena,2
Sumitra,Shiva,2
Sumitra,Guha,2
Sumitra,Dasharatha,3
Tinisa,Bakula,1
Tinisa,Jambu,1
Tinisa,Arjuna,6
Tinisa,Simsupa,6
Tinisa,Dhava,6
Tinisa,Padmaka,6
Drumakulya,Rama,6
Lakshmana,Sugriva,100
Lakshmana,Sita,83
Lakshmana,Rama,735
Lakshmana,Nila,8
Lakshmana,Yama,12
Lakshmana,Angada,14
Lakshmana,Kumuda,1
Lakshmana,Dasharatha,39
Lakshmana,Ravana,221
Lakshmana,Indra,45
Lakshmana,Varuna,3
Lakshmana,Kusa,1
Lakshmana,Sushena,24
Lakshmana,Suka,5
Lakshmana,Prahasta,5
Lakshmana,Kausalya,9
Lakshmana,Vishnu,16
Lakshmana,Bharata,29
Lakshmana,Shatrughna,8
Lakshmana,Nala,1
Lakshmana,Nikumbha,1
Lakshmana,Praghasa,1
Lakshmana,Agniketu,1
Lakshmana,Rashmiketu,1
Lakshmana,Suptaghna,1
Lakshmana,Khara,1
Lakshmana,Trijata,4
Lakshmana,Pushpaka,4
Lakshmana,Janaka,3
Lakshmana,Devi,3
Lakshmana,Kaikeyi,11
Lakshmana,Vinata,1
Lakshmana,Garuda,4
Lakshmana,Akampana,3
Lakshmana,Atibala,1
Lakshmana,Brahma,15
Lakshmana,Mahodara,3
Lakshmana,Atikaya,47
Lakshmana,Tripura,1
Lakshmana,Dhumraksha,1
Lakshmana,Mitra,1
Lakshmana,Agni,1
Lakshmana,Sona,3
Lakshmana,Vritra,2
Lakshmana,Pramathi,1
Lakshmana,Rabhasa,1
Lakshmana,Sarabha,1
Lakshmana,Shiva,3
Lakshmana,Savarankarani,3
Lakshmana,Sarvakarani,3
Lakshmana,Sandhani,3
Lakshmana,Visalakarani,1
Lakshmana,Pushpalata,1
Lakshmana,Vidyunmali,1
Lakshmana,Vikata,2
Lakshmana,Trishira,2
Lakshmana,Devantaka,2
Lakshmana,Yuddhonmatta,1
Lakshmana,Bharadwaja,2
Lakshmana,Viradha,2
Lakshmana,Kabandha,2
Lakshmana,Sesha,1
Bharata,Rama,185
Bharata,Sita,13
Bharata,Shatrughna,12
Bharata,Sugriva,25
Bharata,Indra,4
Bharata,Ravana,5
Bharata,Varuna,1
Bharata,Atikaya,1
Bharata,Kausalya,5
Bharata,Kaikeyi,15
Bharata,Shiva,3
Bharata,Dasharatha,11
Bharata,Bharadwaja,2
Bharata,Guha,1
Bharata,Pushpaka,7
Bharata,Brahma,2
Bharata,Angada,3
Bharata,Dvivida,4
Bharata,Nila,4
Bharata,Sushena,2
Bharata,Nala,2
Bharata,Sarabha,2
Bharata,Panasa,2
Bharata,Pundarika,1
Sesha,Rama,2
Sesha,Vishnu,3
Shanka,Ravana,2
Shanka,Sanku,8
Shanka,Ogha,3
Aswakarna,Prajangha,2
Aswakarna,Sampati,2
Aswakarna,Nila,1
Aswakarna,Sala,1
Aswakarna,Ravana,2
Aswakarna,Prajaghna,3
Aswakarna,Angada,2
Aswakarna,Sugriva,2
Visalakarani,Sushena,1
Vritra,Brahma,1
Vritra,Indra,7
Vritra,Sita,2
Vritra,Rama,4
Vritra,Prahasta,1
Vritra,Ravana,5
Vritra,Sugriva,1
Sushena,Saarvabhauma,1
Sushena,Sugriva,12
Sushena,Rama,22
Sushena,Indra,6
Sushena,Nila,20
Sushena,Kumuda,14
Sushena,Nala,16
Sushena,Sarabha,14
Sushena,Dvivida,21
Sushena,Yama,1
Sushena,Dadhimukha,5
Sushena,Angada,19
Sushena,Panasa,11
Sushena,Shiva,4
Sushena,Rambhu,4
Sushena,Durmukha,4
Sushena,Satabali,5
Sushena,Tara,2
Sushena,Vidyunmali,13
Sushena,Vinata,2
Sushena,Sita,1
Sushena,Rambha,1
Sushena,Vidyuddhamshtra,4
Sushena,Suryanana,4
Sushena,Ahuka,2
Sushena,Ravana,3
Sushena,Savarankarani,1
Sushena,Sarvakarani,1
Sushena,Sandhani,1
Sushena,Prahasta,1
Sushena,Kaikeyi,1
Janaka,Rama,16
Janaka,Sita,19
Janaka,Ravana,8
Janaka,Dasharatha,1
Janaka,Vishnu,1
Janaka,Lakshmi,1
Janaka,Vedavati,2
Janaka,Parvati,1
Janaka,Nandi,1
Janaka,Rambha,1
Janaka,Varuna,1
Maru,Rama,2
Kampana,Nikumbha,5
Kampana,Sonitaksha,5
Kampana,Prajangha,1
Kampana,Ravana,1
Kampana,Angada,9
Kampana,Durdarsha,5
Kampana,Agniketu,5
Kampana,Rashmiketu,5
Kampana,Dwijihva,5
Kampana,Akampana,5
Kampana,Devantaka,5
Kampana,Prahasta,4
Rama,Sugriva,291
Rama,Sita,633
Rama,Dasharatha,152
Rama,Ravana,746
Rama,Angada,41
Rama,Dvivida,18
Rama,Punarvasu,2
Rama,Nila,22
Rama,Airavata,1
Rama,Kumuda,9
Rama,Indra,133
Rama,Khara,28
Rama,Mahaparshva,2
Rama,Mahodara,17
Rama,Nikumbha,4
Rama,Atikaya,3
Rama,Dharma,1
Rama,Prahasta,27
Rama,Kanka,1
Rama,Trishira,8
Rama,Devantaka,1
Rama,Athiratha,1
Rama,Akampana,5
Rama,Brahma,45
Rama,Kanva,1
Rama,Kandu,2
Rama,Sagara,9
Rama,Varuna,19
Rama,Kusa,3
Rama,Suka,22
Rama,Shiva,26
Rama,Nala,11
Rama,Rohini,1
Rama,Viradha,7
Rama,Kabandha,24
Rama,Satabali,6
Rama,Dhumaketu,1
Rama,Tara,9
Rama,Garuda,18
Rama,Chudamani,3
Rama,Kaikeyi,35
Rama,Kausalya,31
Rama,Lakshmi,2
Rama,Vishnu,21
Rama,Panasa,4
Rama,Rambhu,4
Rama,Shatrughna,24
Rama,Sala,1
Rama,Rashmiketu,3
Rama,Suptaghna,1
Rama,Yajnakepu,1
Rama,Vajramushti,1
Rama,Agniketu,1
Rama,Mitarghna,2
Rama,Yagnakopa,2
Rama,Sarabha,3
Rama,Vinata,4
Rama,Sanuprastha,1
Rama,Yama,19
Rama,Gava,2
Rama,Trijata,3
Rama,Pushpaka,39
Rama,Devi,5
Rama,Sampati,1
Rama,Dhumraksha,4
Rama,Vajradamshtra,1
Rama,Atibala,1
Rama,Dwijihva,1
Rama,Vitardana,1
Rama,Aditi,3
Rama,Mitra,1
Rama,Agni,1
Rama,Sona,6
Rama,Makaraksha,15
Rama,Agastya,8
Rama,Manu,4
Rama,Maricha,18
Rama,Vishrava,1
Rama,Kahola,1
Rama,Ashtavakra,1
Rama,Paka,1
Rama,Guha,13
Rama,Pushpalata,1
Rama,Vidyunmali,1
Rama,Damshtra,2
Rama,Yuddhonmatta,1
Rama,Sonitaksha,1
Rama,Prajaghna,1
Rama,Sabari,2
Rama,Anasuya,1
Rama,Sarayu,1
Rama,Bharadwaja,7
Rama,Ganga,2
Rama,Sarabhanga,2
Rama,Vijaya,3
Rama,Vasishta,8
Rama,Jabali,2
Rama,Kasyapa,2
Rama,Katyayana,2
Rama,Suyajna,2
Rama,Pundarika,2
Atibala,Panasa,1
Atibala,Sugriva,1
Jambu,Krathana,3
Supraja,Anjana,1
Praghasa,Sarabha,1
Praghasa,Sampati,1
Praghasa,Pramathi,1
Praghasa,Sugriva,2
Praghasa,Panasa,1
Praghasa,Tapa,1
Praghasa,Nila,1
Praghasa,Nikumbha,1
Praghasa,Agniketu,11
Praghasa,Mahamali,10
Praghasa,Teekshanavega,10
Praghasa,Asaniprabha,10
Praghasa,Suptaghna,10
Praghasa,Yagnakopa,10
Praghasa,Vajradamshtra,10
Praghasa,Arigna,10
Praghasa,Vikata,10
Praghasa,Tapana,10
Praghasa,Dama,10
Praghasa,Prajaghna,10
Praghasa,Durdarsha,10
Praghasa,Rashmiketu,10
Praghasa,Dwijihva,10
Praghasa,Akampana,10
Tamala,Sala,4
Tamala,Tala,4
Tamala,Samala,4
Tamala,Nagamala,4
Tamala,Hintala,4
Tamala,Arjuna,4
Tamala,Neepa,4
Tamala,Indra,3
Tapa,Ravana,1
Tapa,Nila,1
Tapa,Nikumbha,1
Tapa,Sugriva,1
Kausalya,Sita,5
Kausalya,Ravana,10
Kausalya,Kaikeyi,11
Kausalya,Sona,1
Kausalya,Rohini,2
Kausalya,Shiva,2
Kausalya,Guha,2
Kausalya,Dasharatha,4
Budha,Angada,1
Budha,Ravana,1
Budha,Rohini,1
Suvarnakarani,Visalyakarani,1
Suvarnakarani,Sandhani,1
Samunnata,Prahasta,5
Samunnata,Kumbhahanu,2
Daksha,Malyavan,1
Daksha,Ravana,2
Prahasta,Mahaparshva,9
Prahasta,Mahodara,8
Prahasta,Durdarsha,5
Prahasta,Agniketu,5
Prahasta,Rashmiketu,5
Prahasta,Ravana,64
Prahasta,Vajradamshtra,5
Prahasta,Dhumraksha,5
Prahasta,Durmukha,5
Prahasta,Sukha,1
Prahasta,Dharma,1
Prahasta,Kanka,4
Prahasta,Trishira,2
Prahasta,Nikumbha,7
Prahasta,Indra,4
Prahasta,Devantaka,5
Prahasta,Athiratha,1
Prahasta,Akampana,1
Prahasta,Mahamaya,1
Prahasta,Nila,31
Prahasta,Angada,1
Prahasta,Kumbhahanu,7
Prahasta,Kala,1
Prahasta,Yama,1
Prahasta,Sala,2
Prahasta,Brahma,1
Prahasta,Mahamali,5
Prahasta,Khara,1
Prahasta,Atikaya,1
Prahasta,Sita,1
Prahasta,Vidyunmali,1
Prahasta,Nala,1
Sita,Sugriva,61
Sita,Ravana,343
Sita,Dasharatha,25
Sita,Durmukha,1
Sita,Indra,24
Sita,Maya,2
Sita,Jatayu,4
Sita,Ganga,1
Sita,Rohini,12
Sita,Suka,1
Sita,Garuda,3
Sita,Khara,6
Sita,Chudamani,6
Sita,Kaikeyi,7
Sita,Vishnu,3
Sita,Lakshmi,5
Sita,Aviddha,2
Sita,Shatrughna,5
Sita,Trijata,16
Sita,Pushpaka,17
Sita,Devi,5
Sita,Vedavati,2
Sita,Parvati,1
Sita,Nandi,1
Sita,Rambha,1
Sita,Mahodara,2
Sita,Viradha,3
Sita,Rtadhama,1
Sita,Krishna,1
Sita,Brahma,6
Sita,Pushpalata,1
Sita,Nala,1
Sita,Varuna,2
Sita,Tara,4
Sita,Sabari,1
Sita,Kabandha,14
Sita,Agastya,1
Sita,Sutikshna,2
Sita,Sarabhanga,2
Sita,Anasuya,3
Sita,Bharadwaja,1
Sita,Guha,2
Sita,Sarayu,2
Sita,Maricha,6
Sita,Sampati,1
Sita,Angada,1
Sita,Vasishta,1
Nagamala,Sala,4
Nagamala,Tala,4
Nagamala,Samala,4
Nagamala,Hintala,4
Nagamala,Arjuna,4
Nagamala,Neepa,4
Tripura,Rajathanabha,1
Tripura,Indra,2
Tripura,Shiva,1
Bakula,Kunda,6
Bakula,Arjuna,6
Bakula,Simsupa,6
Katyayana,Vasishta,2
Katyayana,Jabali,2
Katyayana,Kasyapa,2
Katyayana,Suyajna,2
Katyayana,Vijaya,2
Katyayana,Indra,1
Vajradamshtra,Rashmiketu,5
Vajradamshtra,Ravana,8
Vajradamshtra,Dhumraksha,6
Vajradamshtra,Durmukha,5
Vajradamshtra,Yamasatru,3
Vajradamshtra,Mahaparshva,3
Vajradamshtra,Mahodara,3
Vajradamshtra,Suka,3
Vajradamshtra,Dasharatha,1
Vajradamshtra,Angada,21
Vajradamshtra,Indra,2
Vajradamshtra,Mahamali,5
Vajradamshtra,Teekshanavega,5
Vajradamshtra,Asaniprabha,5
Vajradamshtra,Suptaghna,5
Vajradamshtra,Yagnakopa,5
Vajradamshtra,Arigna,5
Vajradamshtra,Vikata,5
Vajradamshtra,Tapana,5
Vajradamshtra,Dama,5
Vajradamshtra,Prajaghna,5
Vajradamshtra,Durdarsha,5
Vajradamshtra,Agniketu,5
Vajradamshtra,Nikumbha,2
Vajradamshtra,Sugriva,2
Vajradamshtra,Damshtra,2
Airavata,Indra,8
Airavata,Mahodara,2
Airavata,Mahaparshva,3
Airavata,Sudarshana,1
Airavata,Saarvabhauma,3
Ashtavakra,Dasharatha,2
Ashtavakra,Kahola,1
Durdarsha,Nikumbha,5
Durdarsha,Suptaghna,5
Durdarsha,Yagnaha,5
Durdarsha,Mahaparshva,5
Durdarsha,Mahodara,5
Durdarsha,Agniketu,10
Durdarsha,Rashmiketu,10
Durdarsha,Ravana,9
Durdarsha,Yagnakopa,5
Durdarsha,Arigna,5
Durdarsha,Vikata,5
Durdarsha,Tapana,5
Durdarsha,Dama,5
Durdarsha,Prajaghna,5
Durdarsha,Dwijihva,5
Durdarsha,Akampana,5
Tara,Sugriva,20
Tara,Angada,5
Tara,Satabali,1
Tara,Kumbhahanu,3
Tara,Sarabha,1
Tara,Nila,1
Tara,Kumuda,1
Tara,Rambha,1
Tara,Dvivida,1
Tara,Panasa,1
Tara,Dasharatha,2
Tara,Pushpaka,1
Usirabeeja,Indra,1
Salveya,Sarabha,5
Salveya,Panasa,1
Sindhu,Ganga,6
Kahola,Sona,1
Kahola,Dasharatha,3
Viradha,Kabandha,6
Viradha,Khara,5
Viradha,Sugriva,1
Viradha,Trishira,1
Viradha,Vijeya,1
Viradha,Maricha,4
Viradha,Sala,3
Viradha,Anasuya,1
Neepa,Hintala,4
Neepa,Arjuna,4
Kandu,Kanva,1
Prithu,Angada,3
Prithu,Nila,3
Prithu,Kumuda,3
Prithu,Nala,3
Prithu,Gava,3
Prithu,Sarabha,3
Prithu,Sanuprastha,3
Prithu,Rambha,3
Prithu,Satabali,3
Brahma,Shiva,10
Brahma,Indra,25
Brahma,Punjikasthala,4
Brahma,Ravana,51
Brahma,Dadhimukha,1
Brahma,Sumukha,1
Brahma,Durmukha,1
Brahma,Varuna,6
Brahma,Visalyakarani,1
Brahma,Angada,2
Brahma,Vishnu,4
Brahma,Yama,5
Brahma,Atikaya,12
Brahma,Rajathanabha,1
Brahma,Vaidurya,1
Brahma,Tamasa,1
Brahma,Chandra,1
Brahma,Agastya,2
Brahma,Devi,1
Brahma,Dasharatha,3
Brahma,Pushpaka,1
Brahma,Sugriva,1
Brahma,Manu,4
Pramathi,Sugriva,1
Pramathi,Rabhasa,1
Pramathi,Sarabha,1
Rabhasa,Darimukha,1
Rabhasa,Prajangha,1
Rabhasa,Rambha,1
Rabhasa,Sarabha,1
Mitra,Indra,1
Mitra,Vishnu,1
Mitra,Agni,1
Vinata,Panasa,1
Vinata,Parnasa,9
Vinata,Nila,2
Vinata,Angada,2
Vinata,Sarabha,2
Vinata,Sanuprastha,2
Vinata,Garuda,2
Vijeya,Kabandha,1
Vijeya,Maricha,1
Vikata,Mahamali,5
Vikata,Teekshanavega,5
Vikata,Asaniprabha,5
Vikata,Suptaghna,5
Vikata,Yagnakopa,5
Vikata,Arigna,5
Vikata,Tapana,5
Vikata,Dama,5
Vikata,Prajaghna,5
Vikata,Agniketu,5
Vikata,Rashmiketu,5
Vikata,Dwijihva,5
Vikata,Angada,3
Vikata,Sugriva,2
Vikata,Mahaparshva,2
Vikata,Mahodara,2
Vikata,Devantaka,1
Sweta,Sugriva,4
Sweta,Varuna,2
Sweta,Nala,2
Sweta,Durdhara,1
Sweta,Vasu,1
Padmaka,Ravana,2
Vidyunmali,Nala,1
Vidyunmali,Sala,1
Vidyunmali,Asaniprabha,1
Vidyunmali,Ravana,1
Lakshmi,Sugriva,5
Lakshmi,Vishnu,2
Lakshmi,Mahodara,1
Lakshmi,Indra,1
Lakshmi,Krishna,1
Dasharatha,Sugriva,14
Dasharatha,Indra,7
Dasharatha,Ravana,29
Dasharatha,Angada,7
Dasharatha,Shiva,5
Dasharatha,Makara,1
Dasharatha,Khara,1
Dasharatha,Kaikeyi,14
Dasharatha,Sona,3
Dasharatha,Paka,1
Dasharatha,Varuna,3
Dasharatha,Yama,2
Dasharatha,Vasishta,1
Dasharatha,Vijaya,1
Dasharatha,Pundarika,1
Rohini,Ravana,6
Yama,Angada,1
Yama,Ravana,11
Yama,Indra,20
Yama,Varuna,10
Yama,Dadhimukha,1
Yama,Sumukha,1
Yama,Durmukha,1
Yama,Sarabha,3
Yama,Kala,2
Yama,Shiva,4
Yama,Atikaya,2
Yama,Vishnu,1
Yama,Chandra,1
Yama,Vishrava,2
Yama,Pushpaka,2
Panasa,Angada,11
Panasa,Dvivida,15
Panasa,Nala,9
Panasa,Nila,12
Panasa,Ravana,3
Panasa,Satabali,6
Panasa,Darimukha,2
Panasa,Kumuda,9
Panasa,Sarabha,8
Panasa,Sugriva,7
Panasa,Shiva,4
Panasa,Rambhu,4
Panasa,Durmukha,4
Panasa,Sampati,1
Panasa,Rambha,1
Panasa,Ahuka,2
Agni,Trishira,2
Agni,Indra,3
Agni,Vishnu,1
Agni,Ravana,1
Sarabha,Rambha,5
Sarabha,Sudarshana,1
Sarabha,Nila,19
Sarabha,Kumuda,13
Sarabha,Nala,14
Sarabha,Dvivida,18
Sarabha,Angada,14
Sarabha,Ravana,2
Sarabha,Sampati,2
Sarabha,Gava,5
Sarabha,Sanuprastha,5
Sarabha,Satabali,3
Sarabha,Sugriva,4
Sarabha,Indra,2
Sarabha,Atikaya,1
Sarabha,Ahuka,2
Krodhana,Ravana,2
Krodhana,Gava,2
Rajathanabha,Indra,1
Rajathanabha,Shiva,1
Sankochana,Kumuda,16
Sala,Sugriva,1
Sala,Suka,1
Sala,Tala,4
Sala,Samala,4
Sala,Indra,3
Sala,Dvivida,1
Sala,Asaniprabha,1
Sala,Nila,2
Sala,Ravana,2
Sala,Kabandha,3
Sala,Parasurama,1
Sala,Valukini,1
Sala,Varuthini,1
Sala,Pushpaka,3
Vasishta,Vijaya,3
Vasishta,Jabali,2
Vasishta,Kasyapa,2
Vasishta,Suyajna,2
Vasishta,Indra,1
Vasishta,Manu,3
Vasishta,Shatrughna,1
Vasishta,Sugriva,1
Sabari,Kabandha,1
Namuchi,Akampana,3
Namuchi,Indra,1
Jabali,Kasyapa,2
Jabali,Suyajna,2
Jabali,Vijaya,2
Jabali,Indra,1
Rambha,Darimukha,1
Rambha,Prajangha,1
Rambha,Kumuda,5
Rambha,Sudarshana,8
Rambha,Angada,3
Rambha,Nila,4
Rambha,Nala,3
Rambha,Gava,3
Rambha,Sanuprastha,3
Rambha,Satabali,3
Rambha,Parvati,1
Rambha,Nandi,1
Rambha,Varuna,1
Rambha,Ravana,1
Rambha,Dvivida,1
Yajnakepu,Agniketu,1
Yajnakepu,Rashmiketu,1
Yajnakepu,Suptaghna,1
Yajnakepu,Vajramushti,1
Yajnakepu,Dvivida,1
Krishna,Vishnu,2
Krishna,Indra,1
Krishna,Ravana,1
Guha,Indra,1
Guha,Sugriva,2
Guha,Kaikeyi,2
Guha,Sarayu,1
Guha,Ganga,2
Arigna,Mahamali,5
Arigna,Teekshanavega,5
Arigna,Asaniprabha,5
Arigna,Suptaghna,5
Arigna,Yagnakopa,5
Arigna,Tapana,5
Arigna,Dama,5
Arigna,Prajaghna,5
Arigna,Agniketu,5
Arigna,Rashmiketu,5
Sonitaksha,Ravana,2
Sonitaksha,Nikumbha,1
Sonitaksha,Prajangha,1
Sonitaksha,Angada,19
Sonitaksha,Prajaghna,6
Sonitaksha,Dvivida,19
Sonitaksha,Akampana,1
Paka,Indra,1
Valukini,Parasurama,1
Valukini,Varuthini,1
Subahu,Nala,1
Dvivida,Angada,30
Dvivida,Nala,18
Dvivida,Nila,35
Dvivida,Ravana,3
Dvivida,Kumuda,21
Dvivida,Indra,4
Dvivida,Darimukha,1
Dvivida,Sugriva,15
Dvivida,Shiva,6
Dvivida,Rambhu,4
Dvivida,Durmukha,4
Dvivida,Satabali,4
Dvivida,Rashmiketu,1
Dvivida,Suptaghna,1
Dvivida,Vajramushti,1
Dvivida,Nikumbha,1
Dvivida,Asaniprabha,3
Dvivida,Sampati,1
Dvivida,Gava,1
Dvivida,Atikaya,1
Dvivida,Vidyuddhamshtra,4
Dvivida,Suryanana,4
Dvivida,Dadhimukha,4
Dvivida,Ahuka,2
Dvivida,Prajaghna,4
Dvivida,Akampana,1
Dvivida,Yagnasatru,1
Dvivida,Kaikeyi,1
Simsupa,Arjuna,6
Simsupa,Dhava,6
Vitardana,Mahodara,2
Vitardana,Ravana,1
Vitardana,Dwijihva,1
Durmukha,Ravana,1
Durmukha,Dhumraksha,5
Durmukha,Dadhimukha,1
Durmukha,Sumukha,1
Durmukha,Angada,4
Durmukha,Nila,4
Durmukha,Kumuda,4
Durmukha,Shiva,4
Durmukha,Rambhu,4
Durmukha,Satabali,4
Vishwarupa,Trishira,2
Vishwarupa,Indra,4
Vidyuddhamshtra,Sugriva,4
Vidyuddhamshtra,Angada,4
Vidyuddhamshtra,Nila,4
Vidyuddhamshtra,Suryanana,4
Vidyuddhamshtra,Dadhimukha,4
Vidyuddhamshtra,Nala,4
Vidyuddhamshtra,Kumuda,4
Krathana,Ganga,2
Vaidurya,Ravana,1
Kumuda,Ravana,1
Kumuda,Nila,21
Kumuda,Sugriva,5
Kumuda,Indra,5
Kumuda,Nala,17
Kumuda,Darimukha,2
Kumuda,Angada,15
Kumuda,Shiva,4
Kumuda,Rambhu,4
Kumuda,Satabali,7
Kumuda,Gava,3
Kumuda,Sanuprastha,3
Kumuda,Mahabala,1
Kumuda,Suryanana,4
Kumuda,Dadhimukha,4
Prajaghna,Angada,18
Prajaghna,Sona,1
Prajaghna,Mahamali,5
Prajaghna,Teekshanavega,5
Prajaghna,Asaniprabha,5
Prajaghna,Suptaghna,5
Prajaghna,Yagnakopa,5
Prajaghna,Tapana,5
Prajaghna,Dama,5
Prajaghna,Agniketu,5
Prajaghna,Rashmiketu,5
Prajaghna,Dwijihva,5
Prajaghna,Akampana,6
Prajaghna,Yagnasatru,1
Garuda,Sugriva,3
Garuda,Indra,1
Garuda,Ravana,6
Garuda,Vishnu,3
Garuda,Atikaya,2
Garuda,Varuna,1
Garuda,Nala,1
Satrunjaya,Sugriva,1
Tamasa,Ravana,1
Vajramushti,Rashmiketu,1
Vajramushti,Suptaghna,1
Suptaghna,Nikumbha,5
Suptaghna,Yagnaha,5
Suptaghna,Mahaparshva,5
Suptaghna,Mahodara,5
Suptaghna,Agniketu,6
Suptaghna,Rashmiketu,6
Suptaghna,Ravana,9
Suptaghna,Mahamali,5
Suptaghna,Teekshanavega,5
Suptaghna,Asaniprabha,5
Suptaghna,Yagnakopa,5
Suptaghna,Tapana,5
Suptaghna,Dama,5
Suptaghna,Angada,1
Suptaghna,Yagnasatru,1
Satabali,Nila,6
Satabali,Shiva,4
Satabali,Rambhu,4
Satabali,Angada,3
Satabali,Nala,3
Satabali,Gava,3
Satabali,Sanuprastha,3
Yagnakopa,Agniketu,1
Yagnakopa,Rashmiketu,1
Yagnakopa,Mitarghna,1
Yagnakopa,Mahamali,5
Yagnakopa,Teekshanavega,5
Yagnakopa,Asaniprabha,5
Yagnakopa,Tapana,5
Yagnakopa,Dama,5
Yuddhonmatta,Ravana,4
Yuddhonmatta,Atikaya,1
Yuddhonmatta,Devantaka,1
Yuddhonmatta,Angada,1
Yuddhonmatta,Nikumbha,2
Maricha,Kabandha,10
Maricha,Ravana,7
Maricha,Khara,3
Maricha,Sugriva,6
Bedha,Sama,1
Bedha,Daana,1
Ucchaisrava,Indra,1
Magha,Palasa,1
Durdhara,Varuna,2
Durdhara,Nala,2
Durdhara,Vasu,2
Padmas,Padma,16
Mahodara,Nikumbha,6
Mahodara,Yagnaha,5
Mahodara,Mahaparshva,30
Mahodara,Agniketu,5
Mahodara,Rashmiketu,5
Mahodara,Ravana,62
Mahodara,Atikaya,12
Mahodara,Akampana,3
Mahodara,Mahamaya,2
Mahodara,Angada,10
Mahodara,Yamasatru,3
Mahodara,Suka,3
Mahodara,Indra,2
Mahodara,Dwijihva,2
Mahodara,Devantaka,7
Mahodara,Trishira,14
Mahodara,Sudarshana,1
Mahodara,Nila,5
Mahodara,Yuddhotama,3
Mahodara,Sugriva,18
Prajangha,Darimukha,1
Prajangha,Sampati,5
Prajangha,Ravana,2
Prajangha,Angada,1
Prajangha,Nikumbha,1
Malyavan,Ravana,15
Visalyakarani,Sandhani,1
Sarabhanga,Sutikshna,2
Sarabhanga,Indra,5
Varuna,Ravana,16
Varuna,Indra,27
Varuna,Sugriva,7
Varuna,Nala,10
Varuna,Angada,4
Varuna,Vasu,1
Varuna,Parvati,1
Varuna,Nandi,1
Varuna,Atikaya,1
Varuna,Shiva,6
Varuna,Vishnu,1
Varuna,Chandra,1
Varuna,Manu,1
Kala,Shiva,1
Kusa,Sugriva,1
Sarvakarani,Savarankarani,3
Sarvakarani,Sandhani,3
Ganga,Bharadwaja,1
Ganga,Pushpaka,1
Hintala,Tala,4
Hintala,Samala,4
Hintala,Arjuna,4
Asaniprabha,Mahamali,5
Asaniprabha,Teekshanavega,5
Asaniprabha,Tapana,5
Asaniprabha,Dama,5
Khara,Ravana,19
Khara,Kabandha,5
Khara,Sugriva,1
Khara,Trishira,4
Khara,Makara,1
Khara,Sona,1
Sanku,Ogha,15
Kasyapa,Suyajna,2
Kasyapa,Vijaya,2
Kasyapa,Indra,1
Yagnaha,Nikumbha,5
Yagnaha,Mahaparshva,5
Yagnaha,Agniketu,5
Yagnaha,Rashmiketu,5
Yagnaha,Ravana,9
Dhumaketu,Kabandha,1
Sumantra,Shatrughna,1
Dhamba,Indra,4
Dhamba,Sannadana,1
Agastya,Ravana,4
Agastya,Sutikshna,1
Sona,Indra,2
Sona,Angada,2
Sona,Makara,1
Yuddhotama,Atikaya,8
Yuddhotama,Mahaparshva,3
Yuddhotama,Ravana,1
Vijaya,Shatrughna,3
Vijaya,Suyajna,2
Vijaya,Indra,1
Nala,Angada,15
Nala,Nila,22
Nala,Ravana,6
Nala,Vasu,1
Nala,Sugriva,9
Nala,Gava,3
Nala,Sanuprastha,3
Nala,Sudamshtra,1
Nala,Mahabala,1
Nala,Suryanana,4
Nala,Dadhimukha,4
Nala,Ahuka,2
Nala,Kaikeyi,1
Nila,Angada,29
Nila,Ravana,49
Nila,Sugriva,21
Nila,Indra,11
Nila,Shiva,4
Nila,Rambhu,4
Nila,Sadala,4
Nila,Nikumbha,2
Nila,Vishnu,1
Nila,Sanuprastha,5
Nila,Gava,3
Nila,Mahabala,1
Nila,Trishira,5
Nila,Atikaya,3
Nila,Suryanana,4
Nila,Dadhimukha,4
Nila,Ahuka,2
Nila,Mahaparshva,2
Nila,Akampana,2
Nila,Kaikeyi,1
Ravana,Indra,84
Ravana,Shiva,21
Ravana,Maya,4
Ravana,Madhu,2
Ravana,Nikumbha,18
Ravana,Mahaparshva,31
Ravana,Agniketu,9
Ravana,Rashmiketu,9
Ravana,Dhumraksha,12
Ravana,Sugriva,91
Ravana,Atikaya,15
Ravana,Trishira,20
Ravana,Sagara,2
Ravana,Suka,29
Ravana,Angada,18
Ravana,Gava,5
Ravana,Aviddha,2
Ravana,Mahamaya,4
Ravana,Sampati,2
Ravana,Trijata,1
Ravana,Akampana,3
Ravana,Vishnu,7
Ravana,Vedavati,2
Ravana,Parvati,1
Ravana,Nandi,1
Ravana,Dwijihva,1
Ravana,Devantaka,7
Ravana,Mainaka,2
Ravana,Vishrava,2
Ravana,Devi,1
Ravana,Jatayu,2
Ravana,Pushpaka,1
Manu,Indra,1
Parasurama,Varuthini,1
Sanuprastha,Angada,5
Sanuprastha,Gava,3
Savarankarani,Sandhani,3
Dwijihva,Tapana,5
Dwijihva,Dama,5
Dwijihva,Agniketu,5
Dwijihva,Rashmiketu,5
Dwijihva,Akampana,5
Dwijihva,Devantaka,5
Sudarshana,Indra,1
Dama,Mahamali,5
Dama,Teekshanavega,5
Dama,Tapana,5
Dama,Agniketu,5
Dama,Rashmiketu,5
Dhumraksha,Akampana,3
Sadala,Indra,4
Trijata,Pushpaka,7
Trijata,Devi,2
Angada,Saarvabhauma,1
Angada,Sugriva,45
Angada,Indra,24
Angada,Mahaparshva,20
Angada,Shiva,5
Angada,Rambhu,4
Angada,Sampati,3
Angada,Gava,4
Angada,Mahabala,1
Angada,Trishira,8
Angada,Devantaka,8
Angada,Suryanana,4
Angada,Dadhimukha,4
Angada,Ahuka,2
Angada,Akampana,3
Angada,Atikaya,2
Angada,Nikumbha,1
Angada,Damshtra,2
Angada,Yagnasatru,1
Angada,Kaikeyi,1
Sumukha,Dadhimukha,1
Rashmiketu,Nikumbha,5
Rashmiketu,Mahaparshva,5
Rashmiketu,Agniketu,12
Rashmiketu,Mitarghna,1
Rashmiketu,Tapana,5
Rashmiketu,Akampana,5
Rashmiketu,Devantaka,5
Nikumbha,Mahaparshva,6
Nikumbha,Agniketu,6
Nikumbha,Atikaya,1
Nikumbha,Trishira,1
Nikumbha,Sugriva,7
Nikumbha,Vishnu,1
Nikumbha,Indra,3
Nikumbha,Mahamali,5
Nikumbha,Teekshanavega,5
Nikumbha,Devantaka,5
Nikumbha,Damshtra,2
Punarvasu,Sugriva,1
Punarvasu,Atikaya,1
Arjuna,Dhava,6
Arjuna,Samala,4
Gava,Sampati,1
Gava,Sugriva,1
Sannadana,Indra,13
Pushpaka,Indra,2
Pushpaka,Vishrava,2
Pushpaka,Sugriva,3
Akampana,Devantaka,6
Akampana,Athiratha,1
Akampana,Mahaparshva,3
Akampana,Sugriva,3
Akampana,Indra,4
Akampana,Agniketu,5
Akampana,Trishira,2
Akampana,Atikaya,2
Sagara,Sugriva,3
Saarvabhauma,Mahaparshva,2
Rambhu,Sugriva,1
Rambhu,Shiva,4
Mahamaya,Mahaparshva,2
Mahamaya,Suka,1
Sutikshna,Indra,3
Suka,Sugriva,7
Suka,Indra,1
Suka,Yamasatru,3
Suka,Mahaparshva,3
Mitarghna,Agniketu,1
Shiva,Indra,9
Shiva,Sugriva,6
Shiva,Sampati,1
Shiva,Devantaka,1
Shiva,Maya,2
Shiva,Vishnu,3
Shiva,Chandra,1
Shiva,Kaikeyi,2
Tala,Samala,4
Tala,Indra,3
Indra,Devantaka,1
Indra,Sugriva,31
Indra,Vishnu,12
Indra,Samala,3
Indra,Shatrughna,1
Indra,Vishrava,5
Indra,Mahaparshva,2
Indra,Trishira,4
Indra,Atikaya,7
Indra,Chandra,2
Indra,Madhu,2
Indra,Kaikeyi,1
Indra,Suyajna,1
Athiratha,Devantaka,1
Trishira,Kabandha,2
Trishira,Devantaka,10
Trishira,Atikaya,6
Trishira,Mahaparshva,4
Trishira,Vishnu,1
Trishira,Sugriva,2
Kaikeyi,Sugriva,1
Mahamali,Teekshanavega,5
Mahamali,Tapana,5
Suryanana,Sugriva,4
Suryanana,Dadhimukha,4
Mahaparshva,Agniketu,5
Mahaparshva,Atikaya,11
Mahaparshva,Yamasatru,3
Mahaparshva,Devantaka,2
Mahaparshva,Vishnu,1
Mahaparshva,Sugriva,4
Sugriva,Kabandha,8
Sugriva,Shatrughna,7
Sugriva,Agniketu,1
Sugriva,Dadhimukha,4
Sugriva,Ahuka,2
Sugriva,Damshtra,2
Nandi,Parvati,1
Madhu,Vishnu,2
Dana,Sama,1
Sama,Daana,1
Dhanyamalini,Atikaya,3
Tapana,Teekshanavega,5
Tapana,Agniketu,5
Atikaya,Devantaka,6
Vishnu,Devantaka,1
Vishnu,Chandra,1
