Id,Eigenvector_Centrality,Active_In_Kanda
Pavaksha,0.0006143178994805736,True
Dhumra,0.0010003485944219542,True
Dhruva,3.775876253309281e-06,True
Shukra,9.435299658528833e-08,True
Surpanakha,0.006039854039656731,True
Matta,0.002433113112443419,True
Bheda,4.1301603734127406e-50,True
Hayagriva,6.914556804086099e-05,True
Punnaga,0.0001575827565621428,True
Anaranya,0.0017332388388117171,True
Prahlada,0.0003448062711499376,True
Mandodari,0.02751965004270386,True
Karnakara,2.395843278406728e-07,True
Mahapadma,1.7845330141735956e-05,True
Kharva,1.6883974506156068e-08,True
Gautama,0.0007198878618859588,True
Saptaparni,0.00010092173154101603,True
Narantaka,0.004874998767087114,True
Shardula,0.003748785452149278,True
Vegadarsa,0.002964836891782261,True
Gadgada,0.0001162744913375043,True
Brihaspati,0.00023929530896038786,True
Kartavirya,0.000254958739057099,True
Kubera,0.01787998964673453,True
Kaliyuga,0.0004915276076445763,True
Kumbhinasi,0.0004915276076445763,True
Kesari,0.0004805773559117769,True
Mahakaya,0.00012454625730127207,True
Ikshvaku,0.0067693089582630765,True
Vasuki,0.002679663103290899,True
Gavaksha,0.006702367484096149,True
Jambavan,0.02906369253983931,True
Kartikeya,0.0005473966979260853,True
Suparshva,0.0009708852795376382,True
Gaja,0.0024701462325656615,True
Jayanta,2.215382667776116e-05,True
Mitraghna,0.0004985188229605812,True
Tataka,6.026810163413341e-07,True
Mahanada,0.00011253481263535971,True
Yamuna,0.0011449246755155919,True
Manorama,1.0910987011033613e-13,True
Rahu,0.004307542432451172,True
Kumbhakarna,0.10145956257997835,True
Naraka,0.000596906716203127,True
Chakramali,0.00010393612226162052,True
Madhavi,1.651950164315304e-11,True
Golangula,0.0011630040272386144,True
Mrtasanjivani,0.0009798204646819916,True
Jati,0.0004936505968740017,True
Atri,0.00037584802205056534,True
Drona,9.170116985269434e-08,True
Dhrishta,2.2166017830035253e-05,True
Vidyujihva,0.005874935772913935,True
Yupaksha,0.001183562546632105,True
Jaghan,0.00011048119034235386,True
Rishabha,0.009518665743451688,True
Jambumali,0.0011669520799541476,True
Suryasatru,0.002564741309452778,True
Sachi,0.001329990217320027,True
Sambara,0.00046912832932893654,True
Vayu,0.0009641426520098587,True
Kumbha,0.009008405097665118,True
Dushana,0.0054361224222685195,True
Virochana,0.0005843034299064234,True
Arundhati,0.0013027845842649279,True
Trishanku,5.404258422321903e-06,True
Vajrahanu,0.0017633539423951444,True
Indrajit,0.12544888623043668,True
Veerabahu,5.6228327170401e-06,True
Jwara,0.0007372914114668644,True
Hanuman,0.15059194871765522,True
Aksha,0.001316527638783764,True
Anala,0.00039533887224615645,True
Nandana,6.0953143186188686e-05,True
Vishwakarma,0.0031775098240050576,True
Samudra,5.237464978079874e-06,True
Aja,4.084956806984183e-05,True
Tvashta,0.0003794651608111833,True
Kaikasi,0.0008673600152583202,True
Surya,0.0006777248673878926,True
Sarana,0.015100165385132761,True
Jyothimukha,0.0021993309260053104,True
Mantrapala,2.2166017830035253e-05,True
Siddhartha,0.0003953965166051089,True
Gavaya,0.0003148950268148765,True
Vibhishana,0.26290453723173596,True
Raghu,0.00793036842393505,True
Takshaka,0.0006812247418802056,True
Virupaksha,0.007780951214055725,True
Mainda,0.014000342127978257,True
Vali,0.027515534308667017,True
Tilaka,2.4363924659478605e-07,True
Vrinda,0.00010320068557536005,True
Manibhadra,0.0002730682581174151,True
Matali,0.016268583837349613,True
Pampa,0.007851450498939221,True
Pratapana,2.5097103445843404e-05,True
Sumitra,0.013143276956818536,True
Tinisa,1.659619557493721e-06,True
Drumakulya,0.00198309319190727,True
Lakshmana,0.3702970112144453,True
Bharata,0.07952750742890993,True
Sesha,0.0008889525437883716,True
Shanka,0.0004953401260483916,True
Aswakarna,0.001148448955849517,True
Visalakarani,0.0003810519885188815,True
Vritra,0.004099998740371487,True
Sushena,0.020686960910404294,True
Janaka,0.012738890837389695,True
Maru,0.00066103106396909,True
Kampana,0.0007640784807863189,True
Rama,0.6002908561894237,True
Atibala,0.0007847032944228158,True
Jambu,5.909693339907074e-05,True
Supraja,0.00038859133747180244,True
Praghasa,0.0008912158633513247,True
Tamala,0.00015758891483128956,True
Tapa,0.000516354183932913,True
Kausalya,0.016363668259298733,True
Budha,0.0004152093860491628,True
Suvarnakarani,8.40499900783387e-05,True
Samunnata,0.00010901098766420879,True
Daksha,0.0005543483191163957,True
Prahasta,0.03171547721306941,True
Sita,0.3409157801846455,True
Nagamala,4.8200568069826675e-06,True
Tripura,0.00031593424597841307,True
Bakula,4.983603345460909e-09,True
Katyayana,0.0007198878618859588,True
Vajradamshtra,0.004210183076526988,True
Airavata,0.001040533384752684,True
Ashtavakra,0.00041246510481598135,True
Durdarsha,0.002965937659752669,True
Tara,0.006135226764236118,True
Usirabeeja,5.110954153658805e-05,True
Salveya,2.050179339225022e-05,True
Sindhu,3.1458235526096985e-06,True
Kahola,0.00045492440508046683,True
Viradha,0.0036952599095598625,True
Neepa,5.858767211720395e-07,True
Kandu,0.000805948079225931,True
Prithu,0.0004856475930501381,True
Brahma,0.036356692103198765,True
Pramathi,0.00040228923877190384,True
Rabhasa,0.0002087748933991684,True
Mitra,0.0007323251218800898,True
Vinata,0.0018702508111178334,True
Chudamani,0.00211761113526428,True
Vijeya,0.0002528744555557616,True
Vikata,0.0009829548284200592,True
Sweta,0.000435337787886782,True
Padmaka,0.000491533089114583,True
Vidyunmali,0.0011055296409300524,True
Lakshmi,0.002300041639130696,True
Dasharatha,0.0742037080005676,True
Rohini,0.004469645701290028,True
Yama,0.0146745862152938,True
Panasa,0.004908325894222577,True
Agni,0.001258985590643272,True
Sarabha,0.006466098818172694,True
Krodhana,0.0004943117524851337,True
Rajathanabha,8.108236249743941e-05,True
Sankochana,7.364668719826118e-05,True
Sala,0.0014541690456608704,True
Vasishta,0.003043650862308708,True
Sabari,0.0008641117526336074,True
Namuchi,0.00014355599824936513,True
Jabali,0.0007198878618859588,True
Rambha,0.0011050255635422122,True
Yajnakepu,0.00035712197353782236,True
Krishna,0.0005021665893911612,True
Guha,0.00558200944693849,True
Arigna,0.00011272446487813944,True
Sonitaksha,0.0016767697333246285,True
Paka,0.0004224746415909749,True
Valukini,8.379976217306902e-05,True
Subahu,5.6228327170401e-06,True
Dvivida,0.014692199175178193,True
Parnasa,9.266072824606999e-06,True
Simsupa,9.431024529162072e-09,True
Vitardana,0.0006631380583600223,True
Pundarika,0.0007456598614114962,True
Durmukha,0.001378228954892548,True
Vishwarupa,0.00021780084428049812,True
Vidyuddhamshtra,0.001347945377798421,True
Krathana,2.0833419225606942e-05,True
Vaidurya,0.000265779417615381,True
Kumuda,0.00836095359827498,True
Prajaghna,0.0009379496558964686,True
Garuda,0.01047777958407779,True
Satrunjaya,0.00010090388146701725,True
Tamasa,0.000265779417615381,True
Vajramushti,0.00035855583294346283,True
Suptaghna,0.003691779716424861,True
Kanva,0.00033095919305547626,True
Satabali,0.00283857602331862,True
Yagnakopa,0.001017560084678182,True
Yuddhonmatta,0.0018558350373745517,True
Maricha,0.009998745414297112,True
Bedha,4.1301603734127406e-50,True
Parjanya,2.2027297156039997e-06,True
Ucchaisrava,5.647752550861877e-05,True
Magha,1.4742899765080323e-54,True
Kanka,0.0004003589425666503,True
Durdhara,0.00017722764514532485,True
Padmas,5.810782164088244e-07,True
Mahodara,0.027768070942919724,True
Prajangha,0.0009417001538394632,True
Malyavan,0.004021686762260781,True
Visalyakarani,0.00010459377095825551,True
Darimukha,3.164816383052263e-05,True
Sarabhanga,0.0012958446943577132,True
Varuna,0.014644258443869481,True
Kala,4.340174579006872e-05,True
Kusa,0.0012962996749411632,True
Sarvakarani,0.0008763613591446799,True
Ganga,0.0009524135046421233,True
Hintala,1.2784513182980124e-06,True
Asaniprabha,0.0003711547025523982,True
Khara,0.01567565407692275,True
Sanku,8.848319494355674e-06,True
Kasyapa,0.0007198878618859588,True
Yagnaha,0.002785590437931374,True
Dhumaketu,0.0004201806260335293,True
Sumantra,6.814531502797828e-06,True
Padma,6.869950100103587e-07,True
Dhamba,0.0002048040409820306,True
Agastya,0.0038641368286886006,True
Sona,0.0029665563948221797,True
Yuddhotama,0.0003863081223509122,True
Kadru,6.906681531157528e-05,True
Aditi,0.00099191965962831,True
Vijaya,0.0011136646823263578,True
Rtadhama,0.00018767742321844084,True
Nala,0.010207879855825193,True
Nila,0.031823822673480016,True
Ravana,0.446423031438332,True
Manu,0.0014668534873157684,True
Parasurama,8.380194372349645e-05,True
Sanuprastha,0.0011232096358670292,True
Kumbhahanu,0.00013809457760755663,True
Savarankarani,0.0008763613591446799,True
Dwijihva,0.00077331857974312,True
Makara,5.111234677522603e-05,True
Sudarshana,7.539726198824315e-05,True
Dharma,0.0004927112191389717,True
Sandhani,0.000991722703343134,True
Dama,9.715817405829574e-05,True
Dhumraksha,0.006034166332409824,True
Sadala,0.00027452059798297693,True
Sarayu,0.0007089432134720515,True
Trijata,0.005274610953836825,True
Angada,0.04041495246505519,True
Sumukha,3.10685034954394e-05,True
Rashmiketu,0.004191145883820292,True
Devi,0.0036550653073112367,True
Nikumbha,0.00963739915814253,True
Varuthini,8.379976217306902e-05,True
Punarvasu,0.0009156834556344696,True
Pushpalata,0.000804949051167615,True
Arjuna,9.385145818736807e-07,True
Gava,0.0025285317333638034,True
Sannadana,0.0006645367991617536,True
Pushpaka,0.01995735002818268,True
Akampana,0.005775912487578643,True
Sagara,0.0040620754206312296,True
Anasuya,0.0008957890288797317,True
Saarvabhauma,7.493929076002971e-05,True
Yagnasatru,4.5892962443438226e-05,True
Rambhu,0.0021850195661144603,True
Mahamaya,0.0011992643744888733,True
Sutikshna,0.0005322374733927203,True
Suka,0.01699617966305346,True
Mitarghna,0.0006658876568789017,True
Shiva,0.017770820753269315,True
Tala,0.0001575855655140013,True
Indra,0.09283754688094054,True
Athiratha,0.0003562295347774823,True
Trishira,0.011946067207038974,True
Aviddha,0.0008673600152583202,True
Kaikeyi,0.017074493837377854,True
Anjana,0.00038859133747180244,True
Mahamali,0.0004587690004736734,True
Sampati,0.0014342827554233814,True
Suryanana,0.001347945377798421,True
Vishrava,0.0013739899341440162,True
Dhava,8.612532694300958e-09,True
Mainaka,0.0004915276076445763,True
Mahaparshva,0.011232481008894684,True
Sugriva,0.183287802027147,True
Bharadwaja,0.0031635114048164273,True
Vasu,0.00016356085891119107,True
Nandi,0.0004493723553994849,True
Madhu,0.0006249464873949716,True
Ogha,0.0007246520177554613,True
Punjikasthala,8.006245517237128e-05,True
Kunda,1.6519501643153045e-11,True
Samala,0.00015758762757507589,True
Sukha,0.00045166535617222737,True
Dana,4.1301603734127406e-50,True
Sama,6.449463548454224e-50,True
Parvati,0.0004493723553994849,True
Dhanyamalini,2.7041027068386097e-05,True
Makaraksha,0.004957732979768175,True
Damshtra,0.001210033995769953,True
Vedavati,0.0008809088939171716,True
Jatayu,0.0012422373005183398,True
Shatrughna,0.012378523728063327,True
Tapana,9.715817405829572e-05,True
Ahuka,0.0011245409278358449,True
Yamasatru,9.964664538889e-05,True
Atikaya,0.016370954248166335,True
Kabandha,0.012276273975520008,True
Dadhimukha,0.0010588460852293145,True
Teekshanavega,0.0003717043990745481,True
Vishnu,0.014575247132591333,True
Sudamshtra,1.593433865995389e-05,True
Chandra,0.00016655747601470244,True
Devantaka,0.0043397641644439405,True
Daana,4.1301603734127406e-50,True
Agniketu,0.0036126962020253317,True
Suyajna,0.0007198878618859588,True
Mahabala,5.3683118161279e-05,True
Palasa,1.4742899765080323e-54,True
Maya,0.0013931281791471004,True
